"id","name","postcode"
"1","北京市","110000"
"2","北京市市辖区","110100"
"3","北京市东城区","110101"
"4","北京市西城区","110102"
"5","北京市崇文区","110103"
"6","北京市宣武区","110104"
"7","北京市朝阳区","110105"
"8","北京市丰台区","110106"
"9","北京市石景山区","110107"
"10","北京市海淀区","110108"
"11","北京市门头沟区","110109"
"12","北京市房山区","110111"
"13","北京市通州区","110112"
"14","北京市顺义区","110113"
"15","北京市昌平区","110114"
"16","北京市大兴区","110115"
"17","北京市怀柔区","110116"
"18","北京市市辖区平谷区","110117"
"19","北京市县","110200"
"20","北京市县密云县","110228"
"21","北京市县延庆县","110229"
"22","天津市","120000"
"23","天津市市辖区","120100"
"24","天津市市辖区和平区","120101"
"25","天津市市辖区河东区","120102"
"26","天津市市辖区河西区","120103"
"27","天津市市辖区南开区","120104"
"28","天津市市辖区河北区","120105"
"29","天津市市辖区红桥区","120106"
"30","天津市市辖区塘沽区","120107"
"31","天津市市辖区汉沽区","120108"
"32","天津市市辖区大港区","120109"
"33","天津市市辖区东丽区","120110"
"34","天津市市辖区西青区","120111"
"35","天津市市辖区津南区","120112"
"36","天津市市辖区北辰区","120113"
"37","天津市市辖区武清区","120114"
"38","天津市市辖区宝坻区","120115"
"39","天津市县","120200"
"40","天津市县宁河县","120221"
"41","天津市县静海县","120223"
"42","天津市县蓟县","120225"
"43","河北省","130000"
"44","河北省石家庄市","130100"
"45","河北省石家庄市长安区","130102"
"46","河北省石家庄市桥东区","130103"
"47","河北省石家庄市桥西区","130104"
"48","河北省石家庄市新华区","130105"
"49","河北省石家庄市井陉矿区","130107"
"50","河北省石家庄市裕华区","130108"
"51","河北省石家庄市井陉县","130121"
"52","河北省石家庄市正定县","130123"
"53","河北省石家庄市栾城县","130124"
"54","河北省石家庄市行唐县","130125"
"55","河北省石家庄市灵寿县","130126"
"56","河北省石家庄市高邑县","130127"
"57","河北省石家庄市深泽县","130128"
"58","河北省石家庄市赞皇县","130129"
"59","河北省石家庄市无极县","130130"
"60","河北省石家庄市平山县","130131"
"61","河北省石家庄市元氏县","130132"
"62","河北省石家庄市赵县","130133"
"63","河北省石家庄市辛集市","130181"
"64","河北省石家庄市藁城市","130182"
"65","河北省石家庄市晋州市","130183"
"66","河北省石家庄市新乐市","130184"
"67","河北省石家庄市鹿泉市","130185"
"68","河北省唐山市","130200"
"69","河北省唐山市路南区","130202"
"70","河北省唐山市路北区","130203"
"71","河北省唐山市古冶区","130204"
"72","河北省唐山市开平区","130205"
"73","河北省唐山市丰南区","130207"
"74","河北省唐山市丰润区","130208"
"75","河北省唐山市滦县","130223"
"76","河北省唐山市滦南县","130224"
"77","河北省唐山市乐亭县","130225"
"78","河北省唐山市迁西县","130227"
"79","河北省唐山市玉田县","130229"
"80","河北省唐山市唐海县","130230"
"81","河北省唐山市遵化市","130281"
"82","河北省唐山市迁安市","130283"
"83","河北省秦皇岛市","130300"
"84","河北省秦皇岛市海港区","130302"
"85","河北省秦皇岛市山海关区","130303"
"86","河北省秦皇岛市北戴河区","130304"
"87","河北省秦皇岛市青龙满族自治县","130321"
"88","河北省秦皇岛市昌黎县","130322"
"89","河北省秦皇岛市抚宁县","130323"
"90","河北省秦皇岛市卢龙县","130324"
"91","河北省邯郸市","130400"
"92","河北省邯郸市邯山区","130402"
"93","河北省邯郸市丛台区","130403"
"94","河北省邯郸市复兴区","130404"
"95","河北省邯郸市峰峰矿区","130406"
"96","河北省邯郸市邯郸县","130421"
"97","河北省邯郸市临漳县","130423"
"98","河北省邯郸市成安县","130424"
"99","河北省邯郸市大名县","130425"
"100","河北省邯郸市涉县","130426"
"101","河北省邯郸市磁县","130427"
"102","河北省邯郸市肥乡县","130428"
"103","河北省邯郸市永年县","130429"
"104","河北省邯郸市邱县","130430"
"105","河北省邯郸市鸡泽县","130431"
"106","河北省邯郸市广平县","130432"
"107","河北省邯郸市馆陶县","130433"
"108","河北省邯郸市魏县","130434"
"109","河北省邯郸市曲周县","130435"
"110","河北省邯郸市武安市","130481"
"111","河北省邢台市","130500"
"112","河北省邢台市桥东区","130502"
"113","河北省邢台市桥西区","130503"
"114","河北省邢台市邢台县","130521"
"115","河北省邢台市临城县","130522"
"116","河北省邢台市内丘县","130523"
"117","河北省邢台市柏乡县","130524"
"118","河北省邢台市隆尧县","130525"
"119","河北省邢台市任县","130526"
"120","河北省邢台市南和县","130527"
"121","河北省邢台市宁晋县","130528"
"122","河北省邢台市巨鹿县","130529"
"123","河北省邢台市新河县","130530"
"124","河北省邢台市广宗县","130531"
"125","河北省邢台市平乡县","130532"
"126","河北省邢台市威县","130533"
"127","河北省邢台市清河县","130534"
"128","河北省邢台市临西县","130535"
"129","河北省邢台市南宫市","130581"
"130","河北省邢台市沙河市","130582"
"131","河北省保定市","130600"
"132","河北省保定市新市区","130602"
"133","河北省保定市北市区","130603"
"134","河北省保定市南市区","130604"
"135","河北省保定市满城县","130621"
"136","河北省保定市清苑县","130622"
"137","河北省保定市涞水县","130623"
"138","河北省保定市阜平县","130624"
"139","河北省保定市徐水县","130625"
"140","河北省保定市定兴县","130626"
"141","河北省保定市唐县","130627"
"142","河北省保定市高阳县","130628"
"143","河北省保定市容城县","130629"
"144","河北省保定市涞源县","130630"
"145","河北省保定市望都县","130631"
"146","河北省保定市安新县","130632"
"147","河北省保定市易县","130633"
"148","河北省保定市曲阳县","130634"
"149","河北省保定市蠡县","130635"
"150","河北省保定市顺平县","130636"
"151","河北省保定市博野县","130637"
"152","河北省保定市雄县","130638"
"153","河北省保定市涿州市","130681"
"154","河北省保定市定州市","130682"
"155","河北省保定市安国市","130683"
"156","河北省保定市高碑店市","130684"
"157","河北省张家口市","130700"
"158","河北省张家口市桥东区","130702"
"159","河北省张家口市桥西区","130703"
"160","河北省张家口市宣化区","130705"
"161","河北省张家口市下花园区","130706"
"162","河北省张家口市宣化县","130721"
"163","河北省张家口市张北县","130722"
"164","河北省张家口市康保县","130723"
"165","河北省张家口市沽源县","130724"
"166","河北省张家口市尚义县","130725"
"167","河北省张家口市蔚县","130726"
"168","河北省张家口市阳原县","130727"
"169","河北省张家口市怀安县","130728"
"170","河北省张家口市万全县","130729"
"171","河北省张家口市怀来县","130730"
"172","河北省张家口市涿鹿县","130731"
"173","河北省张家口市赤城县","130732"
"174","河北省张家口市崇礼县","130733"
"175","河北省承德市","130800"
"176","河北省承德市双桥区","130802"
"177","河北省承德市双滦区","130803"
"178","河北省承德市鹰手营子矿区","130804"
"179","河北省承德市承德县","130821"
"180","河北省承德市兴隆县","130822"
"181","河北省承德市平泉县","130823"
"182","河北省承德市滦平县","130824"
"183","河北省承德市隆化县","130825"
"184","河北省承德市丰宁满族自治县","130826"
"185","河北省承德市宽城满族自治县","130827"
"186","河北省承德市围场满族蒙古族自治县","130828"
"187","河北省沧州市","130900"
"188","河北省沧州市新华区","130902"
"189","河北省沧州市运河区","130903"
"190","河北省沧州市沧县","130921"
"191","河北省沧州市青县","130922"
"192","河北省沧州市东光县","130923"
"193","河北省沧州市海兴县","130924"
"194","河北省沧州市盐山县","130925"
"195","河北省沧州市肃宁县","130926"
"196","河北省沧州市南皮县","130927"
"197","河北省沧州市吴桥县","130928"
"198","河北省沧州市献县","130929"
"199","河北省沧州市孟村回族自治县","130930"
"200","河北省沧州市泊头市","130981"
"201","河北省沧州市任丘市","130982"
"202","河北省沧州市黄骅市","130983"
"203","河北省沧州市河间市","130984"
"204","河北省廊坊市","131000"
"205","河北省廊坊市安次区","131002"
"206","河北省廊坊市广阳区","131003"
"207","河北省廊坊市固安县","131022"
"208","河北省廊坊市永清县","131023"
"209","河北省廊坊市香河县","131024"
"210","河北省廊坊市大城县","131025"
"211","河北省廊坊市文安县","131026"
"212","河北省廊坊市大厂回族自治县","131028"
"213","河北省廊坊市霸州市","131081"
"214","河北省廊坊市三河市","131082"
"215","河北省衡水市","131100"
"216","河北省衡水市桃城区","131102"
"217","河北省衡水市枣强县","131121"
"218","河北省衡水市武邑县","131122"
"219","河北省衡水市武强县","131123"
"220","河北省衡水市饶阳县","131124"
"221","河北省衡水市安平县","131125"
"222","河北省衡水市故城县","131126"
"223","河北省衡水市景县","131127"
"224","河北省衡水市阜城县","131128"
"225","河北省衡水市冀州市","131181"
"226","河北省衡水市深州市","131182"
"227","山西省","140000"
"228","山西省太原市","140100"
"229","山西省太原市小店区","140105"
"230","山西省太原市迎泽区","140106"
"231","山西省太原市杏花岭区","140107"
"232","山西省太原市尖草坪区","140108"
"233","山西省太原市万柏林区","140109"
"234","山西省太原市晋源区","140110"
"235","山西省太原市清徐县","140121"
"236","山西省太原市阳曲县","140122"
"237","山西省太原市娄烦县","140123"
"238","山西省太原市古交市","140181"
"239","山西省大同市","140200"
"240","山西省大同市城区","140202"
"241","山西省大同市矿区","140203"
"242","山西省大同市南郊区","140211"
"243","山西省大同市新荣区","140212"
"244","山西省大同市阳高县","140221"
"245","山西省大同市天镇县","140222"
"246","山西省大同市广灵县","140223"
"247","山西省大同市灵丘县","140224"
"248","山西省大同市浑源县","140225"
"249","山西省大同市左云县","140226"
"250","山西省大同市大同县","140227"
"251","山西省阳泉市","140300"
"252","山西省阳泉市城区","140302"
"253","山西省阳泉市矿区","140303"
"254","山西省阳泉市郊区","140311"
"255","山西省阳泉市平定县","140321"
"256","山西省阳泉市盂县","140322"
"257","山西省长治市","140400"
"258","山西省长治市城区","140402"
"259","山西省长治市郊区","140411"
"260","山西省长治市长治县","140421"
"261","山西省长治市襄垣县","140423"
"262","山西省长治市屯留县","140424"
"263","山西省长治市平顺县","140425"
"264","山西省长治市黎城县","140426"
"265","山西省长治市壶关县","140427"
"266","山西省长治市长子县","140428"
"267","山西省长治市武乡县","140429"
"268","山西省长治市沁县","140430"
"269","山西省长治市沁源县","140431"
"270","山西省长治市潞城市","140481"
"271","山西省晋城市","140500"
"272","山西省晋城市城区","140502"
"273","山西省晋城市沁水县","140521"
"274","山西省晋城市阳城县","140522"
"275","山西省晋城市陵川县","140524"
"276","山西省晋城市泽州县","140525"
"277","山西省晋城市高平市","140581"
"278","山西省朔州市","140600"
"279","山西省朔州市朔城区","140602"
"280","山西省朔州市平鲁区","140603"
"281","山西省朔州市山阴县","140621"
"282","山西省朔州市应县","140622"
"283","山西省朔州市右玉县","140623"
"284","山西省朔州市怀仁县","140624"
"285","山西省晋中市","140700"
"286","山西省晋中市榆次区","140702"
"287","山西省晋中市榆社县","140721"
"288","山西省晋中市左权县","140722"
"289","山西省晋中市和顺县","140723"
"290","山西省晋中市昔阳县","140724"
"291","山西省晋中市寿阳县","140725"
"292","山西省晋中市太谷县","140726"
"293","山西省晋中市祁县","140727"
"294","山西省晋中市平遥县","140728"
"295","山西省晋中市灵石县","140729"
"296","山西省晋中市介休市","140781"
"297","山西省运城市","140800"
"298","山西省运城市盐湖区","140802"
"299","山西省运城市临猗县","140821"
"300","山西省运城市万荣县","140822"
"301","山西省运城市闻喜县","140823"
"302","山西省运城市稷山县","140824"
"303","山西省运城市新绛县","140825"
"304","山西省运城市绛县","140826"
"305","山西省运城市垣曲县","140827"
"306","山西省运城市夏县","140828"
"307","山西省运城市平陆县","140829"
"308","山西省运城市芮城县","140830"
"309","山西省运城市永济市","140881"
"310","山西省运城市河津市","140882"
"311","山西省忻州市","140900"
"312","山西省忻州市忻府区","140902"
"313","山西省忻州市定襄县","140921"
"314","山西省忻州市五台县","140922"
"315","山西省忻州市代县","140923"
"316","山西省忻州市繁峙县","140924"
"317","山西省忻州市宁武县","140925"
"318","山西省忻州市静乐县","140926"
"319","山西省忻州市神池县","140927"
"320","山西省忻州市五寨县","140928"
"321","山西省忻州市岢岚县","140929"
"322","山西省忻州市河曲县","140930"
"323","山西省忻州市保德县","140931"
"324","山西省忻州市偏关县","140932"
"325","山西省忻州市原平市","140981"
"326","山西省临汾市","141000"
"327","山西省临汾市尧都区","141002"
"328","山西省临汾市曲沃县","141021"
"329","山西省临汾市翼城县","141022"
"330","山西省临汾市襄汾县","141023"
"331","山西省临汾市洪洞县","141024"
"332","山西省临汾市古县","141025"
"333","山西省临汾市安泽县","141026"
"334","山西省临汾市浮山县","141027"
"335","山西省临汾市吉县","141028"
"336","山西省临汾市乡宁县","141029"
"337","山西省临汾市大宁县","141030"
"338","山西省临汾市隰县","141031"
"339","山西省临汾市永和县","141032"
"340","山西省临汾市蒲县","141033"
"341","山西省临汾市汾西县","141034"
"342","山西省临汾市侯马市","141081"
"343","山西省临汾市霍州市","141082"
"344","山西省吕梁市","141100"
"345","山西省吕梁市离石区","141102"
"346","山西省吕梁市文水县","141121"
"347","山西省吕梁市交城县","141122"
"348","山西省吕梁市兴县","141123"
"349","山西省吕梁市临县","141124"
"350","山西省吕梁市柳林县","141125"
"351","山西省吕梁市石楼县","141126"
"352","山西省吕梁市岚县","141127"
"353","山西省吕梁市方山县","141128"
"354","山西省吕梁市中阳县","141129"
"355","山西省吕梁市交口县","141130"
"356","山西省吕梁市孝义市","141181"
"357","山西省吕梁市汾阳市","141182"
"358","内蒙古自治区","150000"
"359","内蒙古自治区呼和浩特市","150100"
"360","内蒙古自治区呼和浩特市新城区","150102"
"361","内蒙古自治区呼和浩特市回民区","150103"
"362","内蒙古自治区呼和浩特市玉泉区","150104"
"363","内蒙古自治区呼和浩特市赛罕区","150105"
"364","内蒙古自治区呼和浩特市土默特左旗","150121"
"365","内蒙古自治区呼和浩特市托克托县","150122"
"366","内蒙古自治区呼和浩特市和林格尔县","150123"
"367","内蒙古自治区呼和浩特市清水河县","150124"
"368","内蒙古自治区呼和浩特市武川县","150125"
"369","内蒙古自治区包头市","150200"
"370","内蒙古自治区包头市东河区","150202"
"371","内蒙古自治区包头市昆都仑区","150203"
"372","内蒙古自治区包头市青山区","150204"
"373","内蒙古自治区包头市石拐区","150205"
"374","内蒙古自治区包头市白云矿区","150206"
"375","内蒙古自治区包头市九原区","150207"
"376","内蒙古自治区包头市土默特右旗","150221"
"377","内蒙古自治区包头市固阳县","150222"
"378","内蒙古自治区包头市达尔罕茂明安联合旗","150223"
"379","内蒙古自治区乌海市","150300"
"380","内蒙古自治区乌海市海勃湾区","150302"
"381","内蒙古自治区乌海市海南区","150303"
"382","内蒙古自治区乌海市乌达区","150304"
"383","内蒙古自治区赤峰市","150400"
"384","内蒙古自治区赤峰市红山区","150402"
"385","内蒙古自治区赤峰市元宝山区","150403"
"386","内蒙古自治区赤峰市松山区","150404"
"387","内蒙古自治区赤峰市阿鲁科尔沁旗","150421"
"388","内蒙古自治区赤峰市巴林左旗","150422"
"389","内蒙古自治区赤峰市巴林右旗","150423"
"390","内蒙古自治区赤峰市林西县","150424"
"391","内蒙古自治区赤峰市克什克腾旗","150425"
"392","内蒙古自治区赤峰市翁牛特旗","150426"
"393","内蒙古自治区赤峰市喀喇沁旗","150428"
"394","内蒙古自治区赤峰市宁城县","150429"
"395","内蒙古自治区赤峰市敖汉旗","150430"
"396","内蒙古自治区通辽市","150500"
"397","内蒙古自治区通辽市科尔沁区","150502"
"398","内蒙古自治区通辽市科尔沁左翼中旗","150521"
"399","内蒙古自治区通辽市科尔沁左翼后旗","150522"
"400","内蒙古自治区通辽市开鲁县","150523"
"401","内蒙古自治区通辽市库伦旗","150524"
"402","内蒙古自治区通辽市奈曼旗","150525"
"403","内蒙古自治区通辽市扎鲁特旗","150526"
"404","内蒙古自治区通辽市霍林郭勒市","150581"
"405","内蒙古自治区鄂尔多斯市","150600"
"406","内蒙古自治区鄂尔多斯市东胜区","150602"
"407","内蒙古自治区鄂尔多斯市达拉特旗","150621"
"408","内蒙古自治区鄂尔多斯市准格尔旗","150622"
"409","内蒙古自治区鄂尔多斯市鄂托克前旗","150623"
"410","内蒙古自治区鄂尔多斯市鄂托克旗","150624"
"411","内蒙古自治区鄂尔多斯市杭锦旗","150625"
"412","内蒙古自治区鄂尔多斯市乌审旗","150626"
"413","内蒙古自治区鄂尔多斯市伊金霍洛旗","150627"
"414","内蒙古自治区呼伦贝尔市","150700"
"415","内蒙古自治区呼伦贝尔市海拉尔区","150702"
"416","内蒙古自治区呼伦贝尔市阿荣旗","150721"
"417","内蒙古自治区呼伦贝尔市莫力达瓦达斡尔族自治旗","150722"
"418","内蒙古自治区呼伦贝尔市鄂伦春自治旗","150723"
"419","内蒙古自治区呼伦贝尔市鄂温克族自治旗","150724"
"420","内蒙古自治区呼伦贝尔市陈巴尔虎旗","150725"
"421","内蒙古自治区呼伦贝尔市新巴尔虎左旗","150726"
"422","内蒙古自治区呼伦贝尔市新巴尔虎右旗","150727"
"423","内蒙古自治区呼伦贝尔市满洲里市","150781"
"424","内蒙古自治区呼伦贝尔市牙克石市","150782"
"425","内蒙古自治区呼伦贝尔市扎兰屯市","150783"
"426","内蒙古自治区呼伦贝尔市额尔古纳市","150784"
"427","内蒙古自治区呼伦贝尔市根河市","150785"
"428","内蒙古自治区巴彦淖尔市","150800"
"429","内蒙古自治区巴彦淖尔市临河区","150802"
"430","内蒙古自治区巴彦淖尔市五原县","150821"
"431","内蒙古自治区巴彦淖尔市磴口县","150822"
"432","内蒙古自治区巴彦淖尔市乌拉特前旗","150823"
"433","内蒙古自治区巴彦淖尔市乌拉特中旗","150824"
"434","内蒙古自治区巴彦淖尔市乌拉特后旗","150825"
"435","内蒙古自治区巴彦淖尔市杭锦后旗","150826"
"436","内蒙古自治区乌兰察布市","150900"
"437","内蒙古自治区乌兰察布市集宁区","150902"
"438","内蒙古自治区乌兰察布市卓资县","150921"
"439","内蒙古自治区乌兰察布市化德县","150922"
"440","内蒙古自治区乌兰察布市商都县","150923"
"441","内蒙古自治区乌兰察布市兴和县","150924"
"442","内蒙古自治区乌兰察布市凉城县","150925"
"443","内蒙古自治区乌兰察布市察哈尔右翼前旗","150926"
"444","内蒙古自治区乌兰察布市察哈尔右翼中旗","150927"
"445","内蒙古自治区乌兰察布市察哈尔右翼后旗","150928"
"446","内蒙古自治区乌兰察布市四子王旗","150929"
"447","内蒙古自治区乌兰察布市丰镇市","150981"
"448","内蒙古自治区兴安盟","152200"
"449","内蒙古自治区兴安盟乌兰浩特市","152201"
"450","内蒙古自治区兴安盟阿尔山市","152202"
"451","内蒙古自治区兴安盟科尔沁右翼前旗","152221"
"452","内蒙古自治区兴安盟科尔沁右翼中旗","152222"
"453","内蒙古自治区兴安盟扎赉特旗","152223"
"454","内蒙古自治区兴安盟突泉县","152224"
"455","内蒙古自治区锡林郭勒盟","152500"
"456","内蒙古自治区锡林郭勒盟二连浩特市","152501"
"457","内蒙古自治区锡林郭勒盟锡林浩特市","152502"
"458","内蒙古自治区锡林郭勒盟阿巴嘎旗","152522"
"459","内蒙古自治区锡林郭勒盟苏尼特左旗","152523"
"460","内蒙古自治区锡林郭勒盟苏尼特右旗","152524"
"461","内蒙古自治区锡林郭勒盟东乌珠穆沁旗","152525"
"462","内蒙古自治区锡林郭勒盟西乌珠穆沁旗","152526"
"463","内蒙古自治区锡林郭勒盟太仆寺旗","152527"
"464","内蒙古自治区锡林郭勒盟镶黄旗","152528"
"465","内蒙古自治区锡林郭勒盟正镶白旗","152529"
"466","内蒙古自治区锡林郭勒盟正蓝旗","152530"
"467","内蒙古自治区锡林郭勒盟多伦县","152531"
"468","内蒙古自治区阿拉善盟","152900"
"469","内蒙古自治区阿拉善盟阿拉善左旗","152921"
"470","内蒙古自治区阿拉善盟阿拉善右旗","152922"
"471","内蒙古自治区阿拉善盟额济纳旗","152923"
"472","辽宁省","210000"
"473","辽宁省沈阳市","210100"
"474","辽宁省沈阳市和平区","210102"
"475","辽宁省沈阳市沈河区","210103"
"476","辽宁省沈阳市大东区","210104"
"477","辽宁省沈阳市皇姑区","210105"
"478","辽宁省沈阳市铁西区","210106"
"479","辽宁省沈阳市**区","210111"
"480","辽宁省沈阳市东陵区","210112"
"481","辽宁省沈阳市沈北新区","210113"
"482","辽宁省沈阳市于洪区","210114"
"483","辽宁省沈阳市辽中县","210122"
"484","辽宁省沈阳市康平县","210123"
"485","辽宁省沈阳市法库县","210124"
"486","辽宁省沈阳市新民市","210181"
"487","辽宁省大连市","210200"
"488","辽宁省大连市中山区","210202"
"489","辽宁省大连市西岗区","210203"
"490","辽宁省大连市沙河口区","210204"
"491","辽宁省大连市甘井子区","210211"
"492","辽宁省大连市旅顺口区","210212"
"493","辽宁省大连市金州区","210213"
"494","辽宁省大连市长海县","210224"
"495","辽宁省大连市瓦房店市","210281"
"496","辽宁省大连市普兰店市","210282"
"497","辽宁省大连市庄河市","210283"
"498","辽宁省鞍山市","210300"
"499","辽宁省鞍山市铁东区","210302"
"500","辽宁省鞍山市铁西区","210303"
"501","辽宁省鞍山市立山区","210304"
"502","辽宁省鞍山市千山区","210311"
"503","辽宁省鞍山市台安县","210321"
"504","辽宁省鞍山市岫岩满族自治县","210323"
"505","辽宁省鞍山市海城市","210381"
"506","辽宁省抚顺市","210400"
"507","辽宁省抚顺市新抚区","210402"
"508","辽宁省抚顺市东洲区","210403"
"509","辽宁省抚顺市望花区","210404"
"510","辽宁省抚顺市顺城区","210411"
"511","辽宁省抚顺市抚顺县","210421"
"512","辽宁省抚顺市新宾满族自治县","210422"
"513","辽宁省抚顺市清原满族自治县","210423"
"514","辽宁省本溪市","210500"
"515","辽宁省本溪市平山区","210502"
"516","辽宁省本溪市溪湖区","210503"
"517","辽宁省本溪市明山区","210504"
"518","辽宁省本溪市南芬区","210505"
"519","辽宁省本溪市本溪满族自治县","210521"
"520","辽宁省本溪市桓仁满族自治县","210522"
"521","辽宁省丹东市","210600"
"522","辽宁省丹东市元宝区","210602"
"523","辽宁省丹东市振兴区","210603"
"524","辽宁省丹东市振安区","210604"
"525","辽宁省丹东市宽甸满族自治县","210624"
"526","辽宁省丹东市东港市","210681"
"527","辽宁省丹东市凤城市","210682"
"528","辽宁省锦州市","210700"
"529","辽宁省锦州市古塔区","210702"
"530","辽宁省锦州市凌河区","210703"
"531","辽宁省锦州市太和区","210711"
"532","辽宁省锦州市黑山县","210726"
"533","辽宁省锦州市义县","210727"
"534","辽宁省锦州市凌海市","210781"
"535","辽宁省锦州市北镇市","210782"
"536","辽宁省营口市","210800"
"537","辽宁省营口市站前区","210802"
"538","辽宁省营口市西市区","210803"
"539","辽宁省营口市鲅鱼圈区","210804"
"540","辽宁省营口市老边区","210811"
"541","辽宁省营口市盖州市","210881"
"542","辽宁省营口市大石桥市","210882"
"543","辽宁省阜新市","210900"
"544","辽宁省阜新市海州区","210902"
"545","辽宁省阜新市新邱区","210903"
"546","辽宁省阜新市太平区","210904"
"547","辽宁省阜新市清河门区","210905"
"548","辽宁省阜新市细河区","210911"
"549","辽宁省阜新市阜新蒙古族自治县","210921"
"550","辽宁省阜新市彰武县","210922"
"551","辽宁省辽阳市","211000"
"552","辽宁省辽阳市白塔区","211002"
"553","辽宁省辽阳市文圣区","211003"
"554","辽宁省辽阳市宏伟区","211004"
"555","辽宁省辽阳市弓长岭区","211005"
"556","辽宁省辽阳市太子河区","211011"
"557","辽宁省辽阳市辽阳县","211021"
"558","辽宁省辽阳市灯塔市","211081"
"559","辽宁省盘锦市","211100"
"560","辽宁省盘锦市双台子区","211102"
"561","辽宁省盘锦市兴隆台区","211103"
"562","辽宁省盘锦市大洼县","211121"
"563","辽宁省盘锦市盘山县","211122"
"564","辽宁省铁岭市","211200"
"565","辽宁省铁岭市银州区","211202"
"566","辽宁省铁岭市清河区","211204"
"567","辽宁省铁岭市铁岭县","211221"
"568","辽宁省铁岭市西丰县","211223"
"569","辽宁省铁岭市昌图县","211224"
"570","辽宁省铁岭市调兵山市","211281"
"571","辽宁省铁岭市开原市","211282"
"572","辽宁省朝阳市","211300"
"573","辽宁省朝阳市双塔区","211302"
"574","辽宁省朝阳市龙城区","211303"
"575","辽宁省朝阳市朝阳县","211321"
"576","辽宁省朝阳市建平县","211322"
"577","辽宁省朝阳市喀喇沁左翼蒙古族自治县","211324"
"578","辽宁省朝阳市北票市","211381"
"579","辽宁省朝阳市凌源市","211382"
"580","辽宁省葫芦岛市","211400"
"581","辽宁省葫芦岛市连山区","211402"
"582","辽宁省葫芦岛市龙港区","211403"
"583","辽宁省葫芦岛市南票区","211404"
"584","辽宁省葫芦岛市绥中县","211421"
"585","辽宁省葫芦岛市建昌县","211422"
"586","辽宁省葫芦岛市兴城市","211481"
"587","吉林省","220000"
"588","吉林省长春市","220100"
"589","吉林省长春市南关区","220102"
"590","吉林省长春市宽城区","220103"
"591","吉林省长春市朝阳区","220104"
"592","吉林省长春市二道区","220105"
"593","吉林省长春市绿园区","220106"
"594","吉林省长春市双阳区","220112"
"595","吉林省长春市农安县","220122"
"596","吉林省长春市九台市","220181"
"597","吉林省长春市榆树市","220182"
"598","吉林省长春市德惠市","220183"
"599","吉林省吉林市","220200"
"600","吉林省吉林市昌邑区","220202"
"601","吉林省吉林市龙潭区","220203"
"602","吉林省吉林市船营区","220204"
"603","吉林省吉林市丰满区","220211"
"604","吉林省吉林市永吉县","220221"
"605","吉林省吉林市蛟河市","220281"
"606","吉林省吉林市桦甸市","220282"
"607","吉林省吉林市舒兰市","220283"
"608","吉林省吉林市磐石市","220284"
"609","吉林省四平市","220300"
"610","吉林省四平市铁西区","220302"
"611","吉林省四平市铁东区","220303"
"612","吉林省四平市梨树县","220322"
"613","吉林省四平市伊通满族自治县","220323"
"614","吉林省四平市公主岭市","220381"
"615","吉林省四平市双辽市","220382"
"616","吉林省辽源市","220400"
"617","吉林省辽源市龙山区","220402"
"618","吉林省辽源市西安区","220403"
"619","吉林省辽源市东丰县","220421"
"620","吉林省辽源市东辽县","220422"
"621","吉林省通化市","220500"
"622","吉林省通化市东昌区","220502"
"623","吉林省通化市二道江区","220503"
"624","吉林省通化市通化县","220521"
"625","吉林省通化市辉南县","220523"
"626","吉林省通化市柳河县","220524"
"627","吉林省通化市梅河口市","220581"
"628","吉林省通化市集安市","220582"
"629","吉林省白山市","220600"
"630","吉林省白山市八道江区","220602"
"631","吉林省白山市江源区","220604"
"632","吉林省白山市抚松县","220621"
"633","吉林省白山市靖宇县","220622"
"634","吉林省白山市长白朝鲜族自治县","220623"
"635","吉林省白山市临江市","220681"
"636","吉林省松原市","220700"
"637","吉林省松原市宁江区","220702"
"638","吉林省松原市前郭尔罗斯蒙古族自治县","220721"
"639","吉林省松原市长岭县","220722"
"640","吉林省松原市乾安县","220723"
"641","吉林省松原市扶余县","220724"
"642","吉林省白城市","220800"
"643","吉林省白城市洮北区","220802"
"644","吉林省白城市镇赉县","220821"
"645","吉林省白城市通榆县","220822"
"646","吉林省白城市洮南市","220881"
"647","吉林省白城市大安市","220882"
"648","吉林省延边朝鲜族自治州","222400"
"649","吉林省延边朝鲜族自治州延吉市","222401"
"650","吉林省延边朝鲜族自治州图们市","222402"
"651","吉林省延边朝鲜族自治州敦化市","222403"
"652","吉林省延边朝鲜族自治州珲春市","222404"
"653","吉林省延边朝鲜族自治州龙井市","222405"
"654","吉林省延边朝鲜族自治州和龙市","222406"
"655","吉林省延边朝鲜族自治州汪清县","222424"
"656","吉林省延边朝鲜族自治州安图县","222426"
"657","黑龙江省","230000"
"658","黑龙江省哈尔滨市","230100"
"659","黑龙江省哈尔滨市道里区","230102"
"660","黑龙江省哈尔滨市南岗区","230103"
"661","黑龙江省哈尔滨市道外区","230104"
"662","黑龙江省哈尔滨市平房区","230108"
"663","黑龙江省哈尔滨市松北区","230109"
"664","黑龙江省哈尔滨市香坊区","230110"
"665","黑龙江省哈尔滨市呼兰区","230111"
"666","黑龙江省哈尔滨市阿城区","230112"
"667","黑龙江省哈尔滨市依兰县","230123"
"668","黑龙江省哈尔滨市方正县","230124"
"669","黑龙江省哈尔滨市宾县","230125"
"670","黑龙江省哈尔滨市巴彦县","230126"
"671","黑龙江省哈尔滨市木兰县","230127"
"672","黑龙江省哈尔滨市通河县","230128"
"673","黑龙江省哈尔滨市延寿县","230129"
"674","黑龙江省哈尔滨市双城市","230182"
"675","黑龙江省哈尔滨市尚志市","230183"
"676","黑龙江省哈尔滨市五常市","230184"
"677","黑龙江省齐齐哈尔市","230200"
"678","黑龙江省齐齐哈尔市龙沙区","230202"
"679","黑龙江省齐齐哈尔市建华区","230203"
"680","黑龙江省齐齐哈尔市铁锋区","230204"
"681","黑龙江省齐齐哈尔市昂昂溪区","230205"
"682","黑龙江省齐齐哈尔市富拉尔基区","230206"
"683","黑龙江省齐齐哈尔市碾子山区","230207"
"684","黑龙江省齐齐哈尔市梅里斯达斡尔族区","230208"
"685","黑龙江省齐齐哈尔市龙江县","230221"
"686","黑龙江省齐齐哈尔市依安县","230223"
"687","黑龙江省齐齐哈尔市泰来县","230224"
"688","黑龙江省齐齐哈尔市甘南县","230225"
"689","黑龙江省齐齐哈尔市富裕县","230227"
"690","黑龙江省齐齐哈尔市克山县","230229"
"691","黑龙江省齐齐哈尔市克东县","230230"
"692","黑龙江省齐齐哈尔市拜泉县","230231"
"693","黑龙江省齐齐哈尔市讷河市","230281"
"694","黑龙江省鸡西市","230300"
"695","黑龙江省鸡西市鸡冠区","230302"
"696","黑龙江省鸡西市恒山区","230303"
"697","黑龙江省鸡西市滴道区","230304"
"698","黑龙江省鸡西市梨树区","230305"
"699","黑龙江省鸡西市城子河区","230306"
"700","黑龙江省鸡西市麻山区","230307"
"701","黑龙江省鸡西市鸡东县","230321"
"702","黑龙江省鸡西市虎林市","230381"
"703","黑龙江省鸡西市密山市","230382"
"704","黑龙江省鹤岗市","230400"
"705","黑龙江省鹤岗市向阳区","230402"
"706","黑龙江省鹤岗市工农区","230403"
"707","黑龙江省鹤岗市南山区","230404"
"708","黑龙江省鹤岗市兴安区","230405"
"709","黑龙江省鹤岗市东山区","230406"
"710","黑龙江省鹤岗市兴山区","230407"
"711","黑龙江省鹤岗市萝北县","230421"
"712","黑龙江省鹤岗市绥滨县","230422"
"713","黑龙江省双鸭山市","230500"
"714","黑龙江省双鸭山市尖山区","230502"
"715","黑龙江省双鸭山市岭东区","230503"
"716","黑龙江省双鸭山市四方台区","230505"
"717","黑龙江省双鸭山市宝山区","230506"
"718","黑龙江省双鸭山市集贤县","230521"
"719","黑龙江省双鸭山市友谊县","230522"
"720","黑龙江省双鸭山市宝清县","230523"
"721","黑龙江省双鸭山市饶河县","230524"
"722","黑龙江省大庆市","230600"
"723","黑龙江省大庆市萨尔图区","230602"
"724","黑龙江省大庆市龙凤区","230603"
"725","黑龙江省大庆市让胡路区","230604"
"726","黑龙江省大庆市红岗区","230605"
"727","黑龙江省大庆市大同区","230606"
"728","黑龙江省大庆市肇州县","230621"
"729","黑龙江省大庆市肇源县","230622"
"730","黑龙江省大庆市林甸县","230623"
"731","黑龙江省大庆市杜尔伯特蒙古族自治县","230624"
"732","黑龙江省伊春市","230700"
"733","黑龙江省伊春市伊春区","230702"
"734","黑龙江省伊春市南岔区","230703"
"735","黑龙江省伊春市友好区","230704"
"736","黑龙江省伊春市西林区","230705"
"737","黑龙江省伊春市翠峦区","230706"
"738","黑龙江省伊春市新青区","230707"
"739","黑龙江省伊春市美溪区","230708"
"740","黑龙江省伊春市金山屯区","230709"
"741","黑龙江省伊春市五营区","230710"
"742","黑龙江省伊春市乌马河区","230711"
"743","黑龙江省伊春市汤旺河区","230712"
"744","黑龙江省伊春市带岭区","230713"
"745","黑龙江省伊春市乌伊岭区","230714"
"746","黑龙江省伊春市红星区","230715"
"747","黑龙江省伊春市上甘岭区","230716"
"748","黑龙江省伊春市嘉荫县","230722"
"749","黑龙江省伊春市铁力市","230781"
"750","黑龙江省佳木斯市","230800"
"751","黑龙江省佳木斯市向阳区","230803"
"752","黑龙江省佳木斯市前进区","230804"
"753","黑龙江省佳木斯市东风区","230805"
"754","黑龙江省佳木斯市郊区","230811"
"755","黑龙江省佳木斯市桦南县","230822"
"756","黑龙江省佳木斯市桦川县","230826"
"757","黑龙江省佳木斯市汤原县","230828"
"758","黑龙江省佳木斯市抚远县","230833"
"759","黑龙江省佳木斯市同江市","230881"
"760","黑龙江省佳木斯市富锦市","230882"
"761","黑龙江省七台河市","230900"
"762","黑龙江省七台河市新兴区","230902"
"763","黑龙江省七台河市桃山区","230903"
"764","黑龙江省七台河市茄子河区","230904"
"765","黑龙江省七台河市勃利县","230921"
"766","黑龙江省牡丹江市","231000"
"767","黑龙江省牡丹江市东安区","231002"
"768","黑龙江省牡丹江市阳明区","231003"
"769","黑龙江省牡丹江市爱民区","231004"
"770","黑龙江省牡丹江市西安区","231005"
"771","黑龙江省牡丹江市东宁县","231024"
"772","黑龙江省牡丹江市林口县","231025"
"773","黑龙江省牡丹江市绥芬河市","231081"
"774","黑龙江省牡丹江市海林市","231083"
"775","黑龙江省牡丹江市宁安市","231084"
"776","黑龙江省牡丹江市穆棱市","231085"
"777","黑龙江省黑河市","231100"
"778","黑龙江省黑河市爱辉区","231102"
"779","黑龙江省黑河市嫩江县","231121"
"780","黑龙江省黑河市逊克县","231123"
"781","黑龙江省黑河市孙吴县","231124"
"782","黑龙江省黑河市北安市","231181"
"783","黑龙江省黑河市五大连池市","231182"
"784","黑龙江省绥化市","231200"
"785","黑龙江省绥化市北林区","231202"
"786","黑龙江省绥化市望奎县","231221"
"787","黑龙江省绥化市兰西县","231222"
"788","黑龙江省绥化市青冈县","231223"
"789","黑龙江省绥化市庆安县","231224"
"790","黑龙江省绥化市明水县","231225"
"791","黑龙江省绥化市绥棱县","231226"
"792","黑龙江省绥化市安达市","231281"
"793","黑龙江省绥化市肇东市","231282"
"794","黑龙江省绥化市海伦市","231283"
"795","黑龙江省大兴安岭地区","232700"
"796","黑龙江省大兴安岭地区加格达奇区","232701"
"797","黑龙江省大兴安岭地区松岭区","232702"
"798","黑龙江省大兴安岭地区新林区","232703"
"799","黑龙江省大兴安岭地区呼中区","232704"
"800","黑龙江省大兴安岭地区呼玛县","232721"
"801","黑龙江省大兴安岭地区塔河县","232722"
"802","黑龙江省大兴安岭地区漠河县","232723"
"803","上海市","310000"
"804","上海市市辖区","310100"
"805","上海市市辖区黄浦区","310101"
"806","上海市市辖区卢湾区","310103"
"807","上海市市辖区徐汇区","310104"
"808","上海市市辖区长宁区","310105"
"809","上海市市辖区静安区","310106"
"810","上海市市辖区普陀区","310107"
"811","上海市市辖区闸北区","310108"
"812","上海市市辖区虹口区","310109"
"813","上海市市辖区杨浦区","310110"
"814","上海市市辖区闵行区","310112"
"815","上海市市辖区宝山区","310113"
"816","上海市市辖区嘉定区","310114"
"817","上海市市辖区浦东新区","310115"
"818","上海市市辖区金山区","310116"
"819","上海市市辖区松江区","310117"
"820","上海市市辖区青浦区","310118"
"821","上海市市辖区南汇区","310119"
"822","上海市市辖区奉贤区","310120"
"823","上海市县","310200"
"824","上海市县崇明县","310230"
"825","江苏省","320000"
"826","江苏省南京市","320100"
"827","江苏省南京市玄武区","320102"
"828","江苏省南京市白下区","320103"
"829","江苏省南京市秦淮区","320104"
"830","江苏省南京市建邺区","320105"
"831","江苏省南京市鼓楼区","320106"
"832","江苏省南京市下关区","320107"
"833","江苏省南京市浦口区","320111"
"834","江苏省南京市栖霞区","320113"
"835","江苏省南京市雨花台区","320114"
"836","江苏省南京市江宁区","320115"
"837","江苏省南京市六合区","320116"
"838","江苏省南京市溧水县","320124"
"839","江苏省南京市高淳县","320125"
"840","江苏省无锡市","320200"
"841","江苏省无锡市崇安区","320202"
"842","江苏省无锡市南长区","320203"
"843","江苏省无锡市北塘区","320204"
"844","江苏省无锡市锡山区","320205"
"845","江苏省无锡市惠山区","320206"
"846","江苏省无锡市滨湖区","320211"
"847","江苏省无锡市江阴市","320281"
"848","江苏省无锡市宜兴市","320282"
"849","江苏省徐州市","320300"
"850","江苏省徐州市鼓楼区","320302"
"851","江苏省徐州市云龙区","320303"
"852","江苏省徐州市九里区","320304"
"853","江苏省徐州市贾汪区","320305"
"854","江苏省徐州市泉山区","320311"
"855","江苏省徐州市丰县","320321"
"856","江苏省徐州市沛县","320322"
"857","江苏省徐州市铜山县","320323"
"858","江苏省徐州市睢宁县","320324"
"859","江苏省徐州市新沂市","320381"
"860","江苏省徐州市邳州市","320382"
"861","江苏省常州市","320400"
"862","江苏省常州市天宁区","320402"
"863","江苏省常州市钟楼区","320404"
"864","江苏省常州市戚墅堰区","320405"
"865","江苏省常州市新北区","320411"
"866","江苏省常州市武进区","320412"
"867","江苏省常州市溧阳市","320481"
"868","江苏省常州市金坛市","320482"
"869","江苏省苏州市","320500"
"870","江苏省苏州市沧浪区","320502"
"871","江苏省苏州市平江区","320503"
"872","江苏省苏州市金阊区","320504"
"873","江苏省苏州市虎丘区","320505"
"874","江苏省苏州市吴中区","320506"
"875","江苏省苏州市相城区","320507"
"876","江苏省苏州市常熟市","320581"
"877","江苏省苏州市张家港市","320582"
"878","江苏省苏州市昆山市","320583"
"879","江苏省苏州市吴江市","320584"
"880","江苏省苏州市太仓市","320585"
"881","江苏省南通市","320600"
"882","江苏省南通市崇川区","320602"
"883","江苏省南通市港闸区","320611"
"884","江苏省南通市海安县","320621"
"885","江苏省南通市如东县","320623"
"886","江苏省南通市启东市","320681"
"887","江苏省南通市如皋市","320682"
"888","江苏省南通市通州市","320683"
"889","江苏省南通市海门市","320684"
"890","江苏省连云港市","320700"
"891","江苏省连云港市连云区","320703"
"892","江苏省连云港市新浦区","320705"
"893","江苏省连云港市海州区","320706"
"894","江苏省连云港市赣榆县","320721"
"895","江苏省连云港市东海县","320722"
"896","江苏省连云港市灌云县","320723"
"897","江苏省连云港市灌南县","320724"
"898","江苏省淮安市","320800"
"899","江苏省淮安市清河区","320802"
"900","江苏省淮安市楚州区","320803"
"901","江苏省淮安市淮阴区","320804"
"902","江苏省淮安市清浦区","320811"
"903","江苏省淮安市涟水县","320826"
"904","江苏省淮安市洪泽县","320829"
"905","江苏省淮安市盱眙县","320830"
"906","江苏省淮安市金湖县","320831"
"907","江苏省盐城市","320900"
"908","江苏省盐城市亭湖区","320902"
"909","江苏省盐城市盐都区","320903"
"910","江苏省盐城市响水县","320921"
"911","江苏省盐城市滨海县","320922"
"912","江苏省盐城市阜宁县","320923"
"913","江苏省盐城市射阳县","320924"
"914","江苏省盐城市建湖县","320925"
"915","江苏省盐城市东台市","320981"
"916","江苏省盐城市大丰市","320982"
"917","江苏省扬州市","321000"
"918","江苏省扬州市广陵区","321002"
"919","江苏省扬州市邗江区","321003"
"920","江苏省扬州市维扬区","321011"
"921","江苏省扬州市宝应县","321023"
"922","江苏省扬州市仪征市","321081"
"923","江苏省扬州市高邮市","321084"
"924","江苏省扬州市江都市","321088"
"925","江苏省镇江市","321100"
"926","江苏省镇江市京口区","321102"
"927","江苏省镇江市润州区","321111"
"928","江苏省镇江市丹徒区","321112"
"929","江苏省镇江市丹阳市","321181"
"930","江苏省镇江市扬中市","321182"
"931","江苏省镇江市句容市","321183"
"932","江苏省泰州市","321200"
"933","江苏省泰州市海陵区","321202"
"934","江苏省泰州市高港区","321203"
"935","江苏省泰州市兴化市","321281"
"936","江苏省泰州市靖江市","321282"
"937","江苏省泰州市泰兴市","321283"
"938","江苏省泰州市姜堰市","321284"
"939","江苏省宿迁市","321300"
"940","江苏省宿迁市宿城区","321302"
"941","江苏省宿迁市宿豫区","321311"
"942","江苏省宿迁市沭阳县","321322"
"943","江苏省宿迁市泗阳县","321323"
"944","江苏省宿迁市泗洪县","321324"
"945","浙江省","330000"
"946","浙江省杭州市","330100"
"947","浙江省杭州市上城区","330102"
"948","浙江省杭州市下城区","330103"
"949","浙江省杭州市江干区","330104"
"950","浙江省杭州市拱墅区","330105"
"951","浙江省杭州市西湖区","330106"
"952","浙江省杭州市滨江区","330108"
"953","浙江省杭州市萧山区","330109"
"954","浙江省杭州市余杭区","330110"
"955","浙江省杭州市桐庐县","330122"
"956","浙江省杭州市淳安县","330127"
"957","浙江省杭州市建德市","330182"
"958","浙江省杭州市富阳市","330183"
"959","浙江省杭州市临安市","330185"
"960","浙江省宁波市","330200"
"961","浙江省宁波市海曙区","330203"
"962","浙江省宁波市江东区","330204"
"963","浙江省宁波市江北区","330205"
"964","浙江省宁波市北仑区","330206"
"965","浙江省宁波市镇海区","330211"
"966","浙江省宁波市鄞州区","330212"
"967","浙江省宁波市象山县","330225"
"968","浙江省宁波市宁海县","330226"
"969","浙江省宁波市余姚市","330281"
"970","浙江省宁波市慈溪市","330282"
"971","浙江省宁波市奉化市","330283"
"972","浙江省温州市","330300"
"973","浙江省温州市鹿城区","330302"
"974","浙江省温州市龙湾区","330303"
"975","浙江省温州市瓯海区","330304"
"976","浙江省温州市洞头县","330322"
"977","浙江省温州市永嘉县","330324"
"978","浙江省温州市平阳县","330326"
"979","浙江省温州市苍南县","330327"
"980","浙江省温州市文成县","330328"
"981","浙江省温州市泰顺县","330329"
"982","浙江省温州市瑞安市","330381"
"983","浙江省温州市乐清市","330382"
"984","浙江省嘉兴市","330400"
"985","浙江省嘉兴市秀城区","330402"
"986","浙江省嘉兴市秀洲区","330411"
"987","浙江省嘉兴市嘉善县","330421"
"988","浙江省嘉兴市海盐县","330424"
"989","浙江省嘉兴市海宁市","330481"
"990","浙江省嘉兴市平湖市","330482"
"991","浙江省嘉兴市桐乡市","330483"
"992","浙江省湖州市","330500"
"993","浙江省湖州市吴兴区","330502"
"994","浙江省湖州市南浔区","330503"
"995","浙江省湖州市德清县","330521"
"996","浙江省湖州市长兴县","330522"
"997","浙江省湖州市安吉县","330523"
"998","浙江省绍兴市","330600"
"999","浙江省绍兴市越城区","330602"
"1000","浙江省绍兴市绍兴县","330621"
"1001","浙江省绍兴市新昌县","330624"
"1002","浙江省绍兴市诸暨市","330681"
"1003","浙江省绍兴市上虞市","330682"
"1004","浙江省绍兴市嵊州市","330683"
"1005","浙江省金华市","330700"
"1006","浙江省金华市婺城区","330702"
"1007","浙江省金华市金东区","330703"
"1008","浙江省金华市武义县","330723"
"1009","浙江省金华市浦江县","330726"
"1010","浙江省金华市磐安县","330727"
"1011","浙江省金华市兰溪市","330781"
"1012","浙江省金华市义乌市","330782"
"1013","浙江省金华市东阳市","330783"
"1014","浙江省金华市永康市","330784"
"1015","浙江省衢州市","330800"
"1016","浙江省衢州市柯城区","330802"
"1017","浙江省衢州市衢江区","330803"
"1018","浙江省衢州市常山县","330822"
"1019","浙江省衢州市开化县","330824"
"1020","浙江省衢州市龙游县","330825"
"1021","浙江省衢州市江山市","330881"
"1022","浙江省舟山市","330900"
"1023","浙江省舟山市定海区","330902"
"1024","浙江省舟山市普陀区","330903"
"1025","浙江省舟山市岱山县","330921"
"1026","浙江省舟山市嵊泗县","330922"
"1027","浙江省台州市","331000"
"1028","浙江省台州市椒江区","331002"
"1029","浙江省台州市黄岩区","331003"
"1030","浙江省台州市路桥区","331004"
"1031","浙江省台州市玉环县","331021"
"1032","浙江省台州市三门县","331022"
"1033","浙江省台州市天台县","331023"
"1034","浙江省台州市仙居县","331024"
"1035","浙江省台州市温岭市","331081"
"1036","浙江省台州市临海市","331082"
"1037","浙江省丽水市","331100"
"1038","浙江省丽水市莲都区","331102"
"1039","浙江省丽水市青田县","331121"
"1040","浙江省丽水市缙云县","331122"
"1041","浙江省丽水市遂昌县","331123"
"1042","浙江省丽水市松阳县","331124"
"1043","浙江省丽水市云和县","331125"
"1044","浙江省丽水市庆元县","331126"
"1045","浙江省丽水市景宁畲族自治县","331127"
"1046","浙江省丽水市龙泉市","331181"
"1047","安徽省","340000"
"1048","安徽省合肥市","340100"
"1049","安徽省合肥市瑶海区","340102"
"1050","安徽省合肥市庐阳区","340103"
"1051","安徽省合肥市蜀山区","340104"
"1052","安徽省合肥市包河区","340111"
"1053","安徽省合肥市长丰县","340121"
"1054","安徽省合肥市肥东县","340122"
"1055","安徽省合肥市肥西县","340123"
"1056","安徽省芜湖市","340200"
"1057","安徽省芜湖市镜湖区","340202"
"1058","安徽省芜湖市弋江区","340203"
"1059","安徽省芜湖市鸠江区","340207"
"1060","安徽省芜湖市三山区","340208"
"1061","安徽省芜湖市芜湖县","340221"
"1062","安徽省芜湖市繁昌县","340222"
"1063","安徽省芜湖市南陵县","340223"
"1064","安徽省蚌埠市","340300"
"1065","安徽省蚌埠市龙子湖区","340302"
"1066","安徽省蚌埠市蚌山区","340303"
"1067","安徽省蚌埠市禹会区","340304"
"1068","安徽省蚌埠市淮上区","340311"
"1069","安徽省蚌埠市怀远县","340321"
"1070","安徽省蚌埠市五河县","340322"
"1071","安徽省蚌埠市固镇县","340323"
"1072","安徽省淮南市","340400"
"1073","安徽省淮南市大通区","340402"
"1074","安徽省淮南市田家庵区","340403"
"1075","安徽省淮南市谢家集区","340404"
"1076","安徽省淮南市八公山区","340405"
"1077","安徽省淮南市潘集区","340406"
"1078","安徽省淮南市凤台县","340421"
"1079","安徽省马鞍山市","340500"
"1080","安徽省马鞍山市金家庄区","340502"
"1081","安徽省马鞍山市花山区","340503"
"1082","安徽省马鞍山市雨山区","340504"
"1083","安徽省马鞍山市当涂县","340521"
"1084","安徽省淮北市","340600"
"1085","安徽省淮北市杜集区","340602"
"1086","安徽省淮北市相山区","340603"
"1087","安徽省淮北市烈山区","340604"
"1088","安徽省淮北市濉溪县","340621"
"1089","安徽省铜陵市","340700"
"1090","安徽省铜陵市铜官山区","340702"
"1091","安徽省铜陵市狮子山区","340703"
"1092","安徽省铜陵市郊区","340711"
"1093","安徽省铜陵市铜陵县","340721"
"1094","安徽省安庆市","340800"
"1095","安徽省安庆市迎江区","340802"
"1096","安徽省安庆市大观区","340803"
"1097","安徽省安庆市宜秀区","340811"
"1098","安徽省安庆市怀宁县","340822"
"1099","安徽省安庆市枞阳县","340823"
"1100","安徽省安庆市潜山县","340824"
"1101","安徽省安庆市太湖县","340825"
"1102","安徽省安庆市宿松县","340826"
"1103","安徽省安庆市望江县","340827"
"1104","安徽省安庆市岳西县","340828"
"1105","安徽省安庆市桐城市","340881"
"1106","安徽省黄山市","341000"
"1107","安徽省黄山市屯溪区","341002"
"1108","安徽省黄山市黄山区","341003"
"1109","安徽省黄山市徽州区","341004"
"1110","安徽省黄山市歙县","341021"
"1111","安徽省黄山市休宁县","341022"
"1112","安徽省黄山市黟县","341023"
"1113","安徽省黄山市祁门县","341024"
"1114","安徽省滁州市","341100"
"1115","安徽省滁州市琅琊区","341102"
"1116","安徽省滁州市南谯区","341103"
"1117","安徽省滁州市来安县","341122"
"1118","安徽省滁州市全椒县","341124"
"1119","安徽省滁州市定远县","341125"
"1120","安徽省滁州市凤阳县","341126"
"1121","安徽省滁州市天长市","341181"
"1122","安徽省滁州市明光市","341182"
"1123","安徽省阜阳市","341200"
"1124","安徽省阜阳市颍州区","341202"
"1125","安徽省阜阳市颍东区","341203"
"1126","安徽省阜阳市颍泉区","341204"
"1127","安徽省阜阳市临泉县","341221"
"1128","安徽省阜阳市太和县","341222"
"1129","安徽省阜阳市阜南县","341225"
"1130","安徽省阜阳市颍上县","341226"
"1131","安徽省阜阳市界首市","341282"
"1132","安徽省宿州市","341300"
"1133","安徽省宿州市埇桥区","341302"
"1134","安徽省宿州市砀山县","341321"
"1135","安徽省宿州市萧县","341322"
"1136","安徽省宿州市灵璧县","341323"
"1137","安徽省宿州市泗县","341324"
"1138","安徽省巢湖市","341400"
"1139","安徽省巢湖市居巢区","341402"
"1140","安徽省巢湖市庐江县","341421"
"1141","安徽省巢湖市无为县","341422"
"1142","安徽省巢湖市含山县","341423"
"1143","安徽省巢湖市和县","341424"
"1144","安徽省六安市","341500"
"1145","安徽省六安市金安区","341502"
"1146","安徽省六安市裕安区","341503"
"1147","安徽省六安市寿县","341521"
"1148","安徽省六安市霍邱县","341522"
"1149","安徽省六安市舒城县","341523"
"1150","安徽省六安市金寨县","341524"
"1151","安徽省六安市霍山县","341525"
"1152","安徽省亳州市","341600"
"1153","安徽省亳州市谯城区","341602"
"1154","安徽省亳州市涡阳县","341621"
"1155","安徽省亳州市蒙城县","341622"
"1156","安徽省亳州市利辛县","341623"
"1157","安徽省池州市","341700"
"1158","安徽省池州市贵池区","341702"
"1159","安徽省池州市东至县","341721"
"1160","安徽省池州市石台县","341722"
"1161","安徽省池州市青阳县","341723"
"1162","安徽省宣城市","341800"
"1163","安徽省宣城市宣州区","341802"
"1164","安徽省宣城市郎溪县","341821"
"1165","安徽省宣城市广德县","341822"
"1166","安徽省宣城市泾县","341823"
"1167","安徽省宣城市绩溪县","341824"
"1168","安徽省宣城市旌德县","341825"
"1169","安徽省宣城市宁国市","341881"
"1170","福建省","350000"
"1171","福建省福州市","350100"
"1172","福建省福州市鼓楼区","350102"
"1173","福建省福州市台江区","350103"
"1174","福建省福州市仓山区","350104"
"1175","福建省福州市马尾区","350105"
"1176","福建省福州市晋安区","350111"
"1177","福建省福州市闽侯县","350121"
"1178","福建省福州市连江县","350122"
"1179","福建省福州市罗源县","350123"
"1180","福建省福州市闽清县","350124"
"1181","福建省福州市永泰县","350125"
"1182","福建省福州市平潭县","350128"
"1183","福建省福州市福清市","350181"
"1184","福建省福州市长乐市","350182"
"1185","福建省厦门市","350200"
"1186","福建省厦门市思明区","350203"
"1187","福建省厦门市海沧区","350205"
"1188","福建省厦门市湖里区","350206"
"1189","福建省厦门市集美区","350211"
"1190","福建省厦门市同安区","350212"
"1191","福建省厦门市翔安区","350213"
"1192","福建省莆田市","350300"
"1193","福建省莆田市城厢区","350302"
"1194","福建省莆田市涵江区","350303"
"1195","福建省莆田市荔城区","350304"
"1196","福建省莆田市秀屿区","350305"
"1197","福建省莆田市仙游县","350322"
"1198","福建省三明市","350400"
"1199","福建省三明市梅列区","350402"
"1200","福建省三明市三元区","350403"
"1201","福建省三明市明溪县","350421"
"1202","福建省三明市清流县","350423"
"1203","福建省三明市宁化县","350424"
"1204","福建省三明市大田县","350425"
"1205","福建省三明市尤溪县","350426"
"1206","福建省三明市沙县","350427"
"1207","福建省三明市将乐县","350428"
"1208","福建省三明市泰宁县","350429"
"1209","福建省三明市建宁县","350430"
"1210","福建省三明市永安市","350481"
"1211","福建省泉州市","350500"
"1212","福建省泉州市鲤城区","350502"
"1213","福建省泉州市丰泽区","350503"
"1214","福建省泉州市洛江区","350504"
"1215","福建省泉州市泉港区","350505"
"1216","福建省泉州市惠安县","350521"
"1217","福建省泉州市安溪县","350524"
"1218","福建省泉州市永春县","350525"
"1219","福建省泉州市德化县","350526"
"1220","福建省泉州市金门县","350527"
"1221","福建省泉州市石狮市","350581"
"1222","福建省泉州市晋江市","350582"
"1223","福建省泉州市南安市","350583"
"1224","福建省漳州市","350600"
"1225","福建省漳州市芗城区","350602"
"1226","福建省漳州市龙文区","350603"
"1227","福建省漳州市云霄县","350622"
"1228","福建省漳州市漳浦县","350623"
"1229","福建省漳州市诏安县","350624"
"1230","福建省漳州市长泰县","350625"
"1231","福建省漳州市东山县","350626"
"1232","福建省漳州市南靖县","350627"
"1233","福建省漳州市平和县","350628"
"1234","福建省漳州市华安县","350629"
"1235","福建省漳州市龙海市","350681"
"1236","福建省南平市","350700"
"1237","福建省南平市延平区","350702"
"1238","福建省南平市顺昌县","350721"
"1239","福建省南平市浦城县","350722"
"1240","福建省南平市光泽县","350723"
"1241","福建省南平市松溪县","350724"
"1242","福建省南平市政和县","350725"
"1243","福建省南平市邵武市","350781"
"1244","福建省南平市武夷山市","350782"
"1245","福建省南平市建瓯市","350783"
"1246","福建省南平市建阳市","350784"
"1247","福建省龙岩市","350800"
"1248","福建省龙岩市新罗区","350802"
"1249","福建省龙岩市长汀县","350821"
"1250","福建省龙岩市永定县","350822"
"1251","福建省龙岩市上杭县","350823"
"1252","福建省龙岩市武平县","350824"
"1253","福建省龙岩市连城县","350825"
"1254","福建省龙岩市漳平市","350881"
"1255","福建省宁德市","350900"
"1256","福建省宁德市蕉城区","350902"
"1257","福建省宁德市霞浦县","350921"
"1258","福建省宁德市古田县","350922"
"1259","福建省宁德市屏南县","350923"
"1260","福建省宁德市寿宁县","350924"
"1261","福建省宁德市周宁县","350925"
"1262","福建省宁德市柘荣县","350926"
"1263","福建省宁德市福安市","350981"
"1264","福建省宁德市福鼎市","350982"
"1265","江西省","360000"
"1266","江西省南昌市","360100"
"1267","江西省南昌市东湖区","360102"
"1268","江西省南昌市西湖区","360103"
"1269","江西省南昌市青云谱区","360104"
"1270","江西省南昌市湾里区","360105"
"1271","江西省南昌市青山湖区","360111"
"1272","江西省南昌市南昌县","360121"
"1273","江西省南昌市新建县","360122"
"1274","江西省南昌市安义县","360123"
"1275","江西省南昌市进贤县","360124"
"1276","江西省景德镇市","360200"
"1277","江西省景德镇市昌江区","360202"
"1278","江西省景德镇市**区","360203"
"1279","江西省景德镇市浮梁县","360222"
"1280","江西省景德镇市乐平市","360281"
"1281","江西省萍乡市","360300"
"1282","江西省萍乡市安源区","360302"
"1283","江西省萍乡市湘东区","360313"
"1284","江西省萍乡市莲花县","360321"
"1285","江西省萍乡市上栗县","360322"
"1286","江西省萍乡市芦溪县","360323"
"1287","江西省九江市","360400"
"1288","江西省九江市庐山区","360402"
"1289","江西省九江市浔阳区","360403"
"1290","江西省九江市九江县","360421"
"1291","江西省九江市武宁县","360423"
"1292","江西省九江市修水县","360424"
"1293","江西省九江市永修县","360425"
"1294","江西省九江市德安县","360426"
"1295","江西省九江市星子县","360427"
"1296","江西省九江市都昌县","360428"
"1297","江西省九江市湖口县","360429"
"1298","江西省九江市彭泽县","360430"
"1299","江西省九江市瑞昌市","360481"
"1300","江西省新余市","360500"
"1301","江西省新余市渝水区","360502"
"1302","江西省新余市分宜县","360521"
"1303","江西省鹰潭市","360600"
"1304","江西省鹰潭市月湖区","360602"
"1305","江西省鹰潭市余江县","360622"
"1306","江西省鹰潭市贵溪市","360681"
"1307","江西省赣州市","360700"
"1308","江西省赣州市章贡区","360702"
"1309","江西省赣州市赣县","360721"
"1310","江西省赣州市信丰县","360722"
"1311","江西省赣州市大余县","360723"
"1312","江西省赣州市上犹县","360724"
"1313","江西省赣州市崇义县","360725"
"1314","江西省赣州市安远县","360726"
"1315","江西省赣州市龙南县","360727"
"1316","江西省赣州市定南县","360728"
"1317","江西省赣州市全南县","360729"
"1318","江西省赣州市宁都县","360730"
"1319","江西省赣州市于都县","360731"
"1320","江西省赣州市兴国县","360732"
"1321","江西省赣州市会昌县","360733"
"1322","江西省赣州市寻乌县","360734"
"1323","江西省赣州市石城县","360735"
"1324","江西省赣州市瑞金市","360781"
"1325","江西省赣州市南康市","360782"
"1326","江西省吉安市","360800"
"1327","江西省吉安市吉州区","360802"
"1328","江西省吉安市青原区","360803"
"1329","江西省吉安市吉安县","360821"
"1330","江西省吉安市吉水县","360822"
"1331","江西省吉安市峡江县","360823"
"1332","江西省吉安市新干县","360824"
"1333","江西省吉安市永丰县","360825"
"1334","江西省吉安市泰和县","360826"
"1335","江西省吉安市遂川县","360827"
"1336","江西省吉安市万安县","360828"
"1337","江西省吉安市安福县","360829"
"1338","江西省吉安市永新县","360830"
"1339","江西省吉安市井冈山市","360881"
"1340","江西省宜春市","360900"
"1341","江西省宜春市袁州区","360902"
"1342","江西省宜春市奉新县","360921"
"1343","江西省宜春市万载县","360922"
"1344","江西省宜春市上高县","360923"
"1345","江西省宜春市宜丰县","360924"
"1346","江西省宜春市靖安县","360925"
"1347","江西省宜春市铜鼓县","360926"
"1348","江西省宜春市丰城市","360981"
"1349","江西省宜春市樟树市","360982"
"1350","江西省宜春市高安市","360983"
"1351","江西省抚州市","361000"
"1352","江西省抚州市临川区","361002"
"1353","江西省抚州市南城县","361021"
"1354","江西省抚州市黎川县","361022"
"1355","江西省抚州市南丰县","361023"
"1356","江西省抚州市崇仁县","361024"
"1357","江西省抚州市乐安县","361025"
"1358","江西省抚州市宜黄县","361026"
"1359","江西省抚州市金溪县","361027"
"1360","江西省抚州市资溪县","361028"
"1361","江西省抚州市东乡县","361029"
"1362","江西省抚州市广昌县","361030"
"1363","江西省上饶市","361100"
"1364","江西省上饶市信州区","361102"
"1365","江西省上饶市上饶县","361121"
"1366","江西省上饶市广丰县","361122"
"1367","江西省上饶市玉山县","361123"
"1368","江西省上饶市铅山县","361124"
"1369","江西省上饶市横峰县","361125"
"1370","江西省上饶市弋阳县","361126"
"1371","江西省上饶市余干县","361127"
"1372","江西省上饶市鄱阳县","361128"
"1373","江西省上饶市万年县","361129"
"1374","江西省上饶市婺源县","361130"
"1375","江西省上饶市德兴市","361181"
"1376","山东省","370000"
"1377","山东省济南市","370100"
"1378","山东省济南市历下区","370102"
"1379","山东省济南市市中区","370103"
"1380","山东省济南市槐荫区","370104"
"1381","山东省济南市天桥区","370105"
"1382","山东省济南市历城区","370112"
"1383","山东省济南市长清区","370113"
"1384","山东省济南市平阴县","370124"
"1385","山东省济南市济阳县","370125"
"1386","山东省济南市商河县","370126"
"1387","山东省济南市章丘市","370181"
"1388","山东省青岛市","370200"
"1389","山东省青岛市市南区","370202"
"1390","山东省青岛市市北区","370203"
"1391","山东省青岛市四方区","370205"
"1392","山东省青岛市黄岛区","370211"
"1393","山东省青岛市崂山区","370212"
"1394","山东省青岛市李沧区","370213"
"1395","山东省青岛市城阳区","370214"
"1396","山东省青岛市胶州市","370281"
"1397","山东省青岛市即墨市","370282"
"1398","山东省青岛市平度市","370283"
"1399","山东省青岛市胶南市","370284"
"1400","山东省青岛市莱西市","370285"
"1401","山东省淄博市","370300"
"1402","山东省淄博市淄川区","370302"
"1403","山东省淄博市张店区","370303"
"1404","山东省淄博市博山区","370304"
"1405","山东省淄博市临淄区","370305"
"1406","山东省淄博市周村区","370306"
"1407","山东省淄博市桓台县","370321"
"1408","山东省淄博市高青县","370322"
"1409","山东省淄博市沂源县","370323"
"1410","山东省枣庄市","370400"
"1411","山东省枣庄市市中区","370402"
"1412","山东省枣庄市薛城区","370403"
"1413","山东省枣庄市峄城区","370404"
"1414","山东省枣庄市台儿庄区","370405"
"1415","山东省枣庄市山亭区","370406"
"1416","山东省枣庄市滕州市","370481"
"1417","山东省东营市","370500"
"1418","山东省东营市东营区","370502"
"1419","山东省东营市河口区","370503"
"1420","山东省东营市垦利县","370521"
"1421","山东省东营市利津县","370522"
"1422","山东省东营市**","370523"
"1423","山东省烟台市","370600"
"1424","山东省烟台市芝罘区","370602"
"1425","山东省烟台市福山区","370611"
"1426","山东省烟台市牟平区","370612"
"1427","山东省烟台市莱山区","370613"
"1428","山东省烟台市长岛县","370634"
"1429","山东省烟台市龙口市","370681"
"1430","山东省烟台市莱阳市","370682"
"1431","山东省烟台市莱州市","370683"
"1432","山东省烟台市蓬莱市","370684"
"1433","山东省烟台市招远市","370685"
"1434","山东省烟台市栖霞市","370686"
"1435","山东省烟台市海阳市","370687"
"1436","山东省潍坊市","370700"
"1437","山东省潍坊市潍城区","370702"
"1438","山东省潍坊市寒亭区","370703"
"1439","山东省潍坊市坊子区","370704"
"1440","山东省潍坊市奎文区","370705"
"1441","山东省潍坊市临朐县","370724"
"1442","山东省潍坊市昌乐县","370725"
"1443","山东省潍坊市青州市","370781"
"1444","山东省潍坊市诸城市","370782"
"1445","山东省潍坊市寿光市","370783"
"1446","山东省潍坊市安丘市","370784"
"1447","山东省潍坊市高密市","370785"
"1448","山东省潍坊市昌邑市","370786"
"1449","山东省济宁市","370800"
"1450","山东省济宁市市中区","370802"
"1451","山东省济宁市任城区","370811"
"1452","山东省济宁市微山县","370826"
"1453","山东省济宁市鱼台县","370827"
"1454","山东省济宁市金乡县","370828"
"1455","山东省济宁市嘉祥县","370829"
"1456","山东省济宁市汶上县","370830"
"1457","山东省济宁市泗水县","370831"
"1458","山东省济宁市梁山县","370832"
"1459","山东省济宁市曲阜市","370881"
"1460","山东省济宁市兖州市","370882"
"1461","山东省济宁市邹城市","370883"
"1462","山东省泰安市","370900"
"1463","山东省泰安市泰山区","370902"
"1464","山东省泰安市岱岳区","370903"
"1465","山东省泰安市宁阳县","370921"
"1466","山东省泰安市东平县","370923"
"1467","山东省泰安市新泰市","370982"
"1468","山东省泰安市肥城市","370983"
"1469","山东省威海市","371000"
"1470","山东省威海市环翠区","371002"
"1471","山东省威海市文登市","371081"
"1472","山东省威海市荣成市","371082"
"1473","山东省威海市乳山市","371083"
"1474","山东省日照市","371100"
"1475","山东省日照市东港区","371102"
"1476","山东省日照市岚山区","371103"
"1477","山东省日照市五莲县","371121"
"1478","山东省日照市莒县","371122"
"1479","山东省莱芜市","371200"
"1480","山东省莱芜市莱城区","371202"
"1481","山东省莱芜市钢城区","371203"
"1482","山东省临沂市","371300"
"1483","山东省临沂市兰山区","371302"
"1484","山东省临沂市罗庄区","371311"
"1485","山东省临沂市河东区","371312"
"1486","山东省临沂市沂南县","371321"
"1487","山东省临沂市郯城县","371322"
"1488","山东省临沂市沂水县","371323"
"1489","山东省临沂市苍山县","371324"
"1490","山东省临沂市费县","371325"
"1491","山东省临沂市平邑县","371326"
"1492","山东省临沂市莒南县","371327"
"1493","山东省临沂市蒙阴县","371328"
"1494","山东省临沂市临沭县","371329"
"1495","山东省德州市","371400"
"1496","山东省德州市德城区","371402"
"1497","山东省德州市陵县","371421"
"1498","山东省德州市宁津县","371422"
"1499","山东省德州市庆云县","371423"
"1500","山东省德州市临邑县","371424"
"1501","山东省德州市齐河县","371425"
"1502","山东省德州市平原县","371426"
"1503","山东省德州市夏津县","371427"
"1504","山东省德州市武城县","371428"
"1505","山东省德州市乐陵市","371481"
"1506","山东省德州市禹城市","371482"
"1507","山东省聊城市","371500"
"1508","山东省聊城市东昌府区","371502"
"1509","山东省聊城市阳谷县","371521"
"1510","山东省聊城市莘县","371522"
"1511","山东省聊城市茌平县","371523"
"1512","山东省聊城市东阿县","371524"
"1513","山东省聊城市冠县","371525"
"1514","山东省聊城市高唐县","371526"
"1515","山东省聊城市临清市","371581"
"1516","山东省滨州市","371600"
"1517","山东省滨州市滨城区","371602"
"1518","山东省滨州市惠民县","371621"
"1519","山东省滨州市阳信县","371622"
"1520","山东省滨州市无棣县","371623"
"1521","山东省滨州市沾化县","371624"
"1522","山东省滨州市博兴县","371625"
"1523","山东省滨州市邹平县","371626"
"1524","山东省菏泽市","371700"
"1525","山东省菏泽市牡丹区","371702"
"1526","山东省菏泽市曹县","371721"
"1527","山东省菏泽市单县","371722"
"1528","山东省菏泽市成武县","371723"
"1529","山东省菏泽市巨野县","371724"
"1530","山东省菏泽市郓城县","371725"
"1531","山东省菏泽市鄄城县","371726"
"1532","山东省菏泽市定陶县","371727"
"1533","山东省菏泽市东明县","371728"
"1534","河南省","410000"
"1535","河南省郑州市","410100"
"1536","河南省郑州市中原区","410102"
"1537","河南省郑州市二七区","410103"
"1538","河南省郑州市管城回族区","410104"
"1539","河南省郑州市金水区","410105"
"1540","河南省郑州市上街区","410106"
"1541","河南省郑州市惠济区","410108"
"1542","河南省郑州市中牟县","410122"
"1543","河南省郑州市巩义市","410181"
"1544","河南省郑州市荥阳市","410182"
"1545","河南省郑州市新密市","410183"
"1546","河南省郑州市新郑市","410184"
"1547","河南省郑州市登封市","410185"
"1548","河南省开封市","410200"
"1549","河南省开封市龙亭区","410202"
"1550","河南省开封市顺河回族区","410203"
"1551","河南省开封市鼓楼区","410204"
"1552","河南省开封市禹王台区","410205"
"1553","河南省开封市金明区","410211"
"1554","河南省开封市杞县","410221"
"1555","河南省开封市通许县","410222"
"1556","河南省开封市尉氏县","410223"
"1557","河南省开封市开封县","410224"
"1558","河南省开封市兰考县","410225"
"1559","河南省洛阳市","410300"
"1560","河南省洛阳市老城区","410302"
"1561","河南省洛阳市西工区","410303"
"1562","河南省洛阳市廛河回族区","410304"
"1563","河南省洛阳市涧西区","410305"
"1564","河南省洛阳市吉利区","410306"
"1565","河南省洛阳市洛龙区","410307"
"1566","河南省洛阳市孟津县","410322"
"1567","河南省洛阳市新安县","410323"
"1568","河南省洛阳市栾川县","410324"
"1569","河南省洛阳市嵩县","410325"
"1570","河南省洛阳市汝阳县","410326"
"1571","河南省洛阳市宜阳县","410327"
"1572","河南省洛阳市洛宁县","410328"
"1573","河南省洛阳市伊川县","410329"
"1574","河南省洛阳市偃师市","410381"
"1575","河南省平顶山市","410400"
"1576","河南省平顶山市新华区","410402"
"1577","河南省平顶山市卫东区","410403"
"1578","河南省平顶山市石龙区","410404"
"1579","河南省平顶山市湛河区","410411"
"1580","河南省平顶山市宝丰县","410421"
"1581","河南省平顶山市叶县","410422"
"1582","河南省平顶山市鲁山县","410423"
"1583","河南省平顶山市郏县","410425"
"1584","河南省平顶山市舞钢市","410481"
"1585","河南省平顶山市汝州市","410482"
"1586","河南省安阳市","410500"
"1587","河南省安阳市文峰区","410502"
"1588","河南省安阳市北关区","410503"
"1589","河南省安阳市殷都区","410505"
"1590","河南省安阳市龙安区","410506"
"1591","河南省安阳市安阳县","410522"
"1592","河南省安阳市汤阴县","410523"
"1593","河南省安阳市滑县","410526"
"1594","河南省安阳市内黄县","410527"
"1595","河南省安阳市林州市","410581"
"1596","河南省鹤壁市","410600"
"1597","河南省鹤壁市鹤山区","410602"
"1598","河南省鹤壁市山城区","410603"
"1599","河南省鹤壁市淇滨区","410611"
"1600","河南省鹤壁市浚县","410621"
"1601","河南省鹤壁市淇县","410622"
"1602","河南省新乡市","410700"
"1603","河南省新乡市红旗区","410702"
"1604","河南省新乡市卫滨区","410703"
"1605","河南省新乡市凤泉区","410704"
"1606","河南省新乡市牧野区","410711"
"1607","河南省新乡市新乡县","410721"
"1608","河南省新乡市获嘉县","410724"
"1609","河南省新乡市原阳县","410725"
"1610","河南省新乡市延津县","410726"
"1611","河南省新乡市封丘县","410727"
"1612","河南省新乡市长垣县","410728"
"1613","河南省新乡市卫辉市","410781"
"1614","河南省新乡市辉县市","410782"
"1615","河南省焦作市","410800"
"1616","河南省焦作市解放区","410802"
"1617","河南省焦作市中站区","410803"
"1618","河南省焦作市马村区","410804"
"1619","河南省焦作市山阳区","410811"
"1620","河南省焦作市修武县","410821"
"1621","河南省焦作市博爱县","410822"
"1622","河南省焦作市武陟县","410823"
"1623","河南省焦作市温县","410825"
"1624","河南省焦作市济源市","410881"
"1625","河南省焦作市沁阳市","410882"
"1626","河南省焦作市孟州市","410883"
"1627","河南省濮阳市","410900"
"1628","河南省濮阳市华龙区","410902"
"1629","河南省濮阳市清丰县","410922"
"1630","河南省濮阳市南乐县","410923"
"1631","河南省濮阳市范县","410926"
"1632","河南省濮阳市台前县","410927"
"1633","河南省濮阳市濮阳县","410928"
"1634","河南省许昌市","411000"
"1635","河南省许昌市魏都区","411002"
"1636","河南省许昌市许昌县","411023"
"1637","河南省许昌市鄢陵县","411024"
"1638","河南省许昌市襄城县","411025"
"1639","河南省许昌市禹州市","411081"
"1640","河南省许昌市长葛市","411082"
"1641","河南省漯河市","411100"
"1642","河南省漯河市源汇区","411102"
"1643","河南省漯河市郾城区","411103"
"1644","河南省漯河市召陵区","411104"
"1645","河南省漯河市舞阳县","411121"
"1646","河南省漯河市临颍县","411122"
"1647","河南省三门峡市","411200"
"1648","河南省三门峡市湖滨区","411202"
"1649","河南省三门峡市渑池县","411221"
"1650","河南省三门峡市陕县","411222"
"1651","河南省三门峡市卢氏县","411224"
"1652","河南省三门峡市义马市","411281"
"1653","河南省三门峡市灵宝市","411282"
"1654","河南省南阳市","411300"
"1655","河南省南阳市宛城区","411302"
"1656","河南省南阳市卧龙区","411303"
"1657","河南省南阳市南召县","411321"
"1658","河南省南阳市方城县","411322"
"1659","河南省南阳市西峡县","411323"
"1660","河南省南阳市镇平县","411324"
"1661","河南省南阳市内乡县","411325"
"1662","河南省南阳市淅川县","411326"
"1663","河南省南阳市社旗县","411327"
"1664","河南省南阳市唐河县","411328"
"1665","河南省南阳市新野县","411329"
"1666","河南省南阳市桐柏县","411330"
"1667","河南省南阳市邓州市","411381"
"1668","河南省商丘市","411400"
"1669","河南省商丘市梁园区","411402"
"1670","河南省商丘市睢阳区","411403"
"1671","河南省商丘市民权县","411421"
"1672","河南省商丘市睢县","411422"
"1673","河南省商丘市宁陵县","411423"
"1674","河南省商丘市柘城县","411424"
"1675","河南省商丘市虞城县","411425"
"1676","河南省商丘市夏邑县","411426"
"1677","河南省商丘市永城市","411481"
"1678","河南省信阳市","411500"
"1679","河南省信阳市浉河区","411502"
"1680","河南省信阳市平桥区","411503"
"1681","河南省信阳市罗山县","411521"
"1682","河南省信阳市光山县","411522"
"1683","河南省信阳市新县","411523"
"1684","河南省信阳市商城县","411524"
"1685","河南省信阳市固始县","411525"
"1686","河南省信阳市潢川县","411526"
"1687","河南省信阳市淮滨县","411527"
"1688","河南省信阳市息县","411528"
"1689","河南省周口市","411600"
"1690","河南省周口市川汇区","411602"
"1691","河南省周口市扶沟县","411621"
"1692","河南省周口市西华县","411622"
"1693","河南省周口市商水县","411623"
"1694","河南省周口市沈丘县","411624"
"1695","河南省周口市郸城县","411625"
"1696","河南省周口市淮阳县","411626"
"1697","河南省周口市太康县","411627"
"1698","河南省周口市鹿邑县","411628"
"1699","河南省周口市项城市","411681"
"1700","河南省驻马店市","411700"
"1701","河南省驻马店市驿城区","411702"
"1702","河南省驻马店市西平县","411721"
"1703","河南省驻马店市上蔡县","411722"
"1704","河南省驻马店市平舆县","411723"
"1705","河南省驻马店市正阳县","411724"
"1706","河南省驻马店市确山县","411725"
"1707","河南省驻马店市泌阳县","411726"
"1708","河南省驻马店市汝南县","411727"
"1709","河南省驻马店市遂平县","411728"
"1710","河南省驻马店市新蔡县","411729"
"1711","湖北省","420000"
"1712","湖北省武汉市","420100"
"1713","湖北省武汉市江岸区","420102"
"1714","湖北省武汉市江汉区","420103"
"1715","湖北省武汉市硚口区","420104"
"1716","湖北省武汉市汉阳区","420105"
"1717","湖北省武汉市武昌区","420106"
"1718","湖北省武汉市青山区","420107"
"1719","湖北省武汉市洪山区","420111"
"1720","湖北省武汉市东西湖区","420112"
"1721","湖北省武汉市汉南区","420113"
"1722","湖北省武汉市蔡甸区","420114"
"1723","湖北省武汉市江夏区","420115"
"1724","湖北省武汉市黄陂区","420116"
"1725","湖北省武汉市新洲区","420117"
"1726","湖北省黄石市","420200"
"1727","湖北省黄石市黄石港区","420202"
"1728","湖北省黄石市西塞山区","420203"
"1729","湖北省黄石市下陆区","420204"
"1730","湖北省黄石市铁山区","420205"
"1731","湖北省黄石市阳新县","420222"
"1732","湖北省黄石市大冶市","420281"
"1733","湖北省十堰市","420300"
"1734","湖北省十堰市茅箭区","420302"
"1735","湖北省十堰市张湾区","420303"
"1736","湖北省十堰市郧县","420321"
"1737","湖北省十堰市郧西县","420322"
"1738","湖北省十堰市竹山县","420323"
"1739","湖北省十堰市竹溪县","420324"
"1740","湖北省十堰市房县","420325"
"1741","湖北省十堰市丹江口市","420381"
"1742","湖北省宜昌市","420500"
"1743","湖北省宜昌市西陵区","420502"
"1744","湖北省宜昌市伍家岗区","420503"
"1745","湖北省宜昌市点军区","420504"
"1746","湖北省宜昌市猇亭区","420505"
"1747","湖北省宜昌市夷陵区","420506"
"1748","湖北省宜昌市远安县","420525"
"1749","湖北省宜昌市兴山县","420526"
"1750","湖北省宜昌市秭归县","420527"
"1751","湖北省宜昌市长阳土家族自治县","420528"
"1752","湖北省宜昌市五峰土家族自治县","420529"
"1753","湖北省宜昌市宜都市","420581"
"1754","湖北省宜昌市当阳市","420582"
"1755","湖北省宜昌市枝江市","420583"
"1756","湖北省襄樊市","420600"
"1757","湖北省襄樊市襄城区","420602"
"1758","湖北省襄樊市樊城区","420606"
"1759","湖北省襄樊市襄阳区","420607"
"1760","湖北省襄樊市南漳县","420624"
"1761","湖北省襄樊市谷城县","420625"
"1762","湖北省襄樊市保康县","420626"
"1763","湖北省襄樊市老河口市","420682"
"1764","湖北省襄樊市枣阳市","420683"
"1765","湖北省襄樊市宜城市","420684"
"1766","湖北省鄂州市","420700"
"1767","湖北省鄂州市梁子湖区","420702"
"1768","湖北省鄂州市华容区","420703"
"1769","湖北省鄂州市鄂城区","420704"
"1770","湖北省荆门市","420800"
"1771","湖北省荆门市东宝区","420802"
"1772","湖北省荆门市掇刀区","420804"
"1773","湖北省荆门市京山县","420821"
"1774","湖北省荆门市沙洋县","420822"
"1775","湖北省荆门市钟祥市","420881"
"1776","湖北省孝感市","420900"
"1777","湖北省孝感市孝南区","420902"
"1778","湖北省孝感市孝昌县","420921"
"1779","湖北省孝感市大悟县","420922"
"1780","湖北省孝感市云梦县","420923"
"1781","湖北省孝感市应城市","420981"
"1782","湖北省孝感市安陆市","420982"
"1783","湖北省孝感市汉川市","420984"
"1784","湖北省荆州市","421000"
"1785","湖北省荆州市沙市区","421002"
"1786","湖北省荆州市荆州区","421003"
"1787","湖北省荆州市公安县","421022"
"1788","湖北省荆州市监利县","421023"
"1789","湖北省荆州市江陵县","421024"
"1790","湖北省荆州市石首市","421081"
"1791","湖北省荆州市洪湖市","421083"
"1792","湖北省荆州市松滋市","421087"
"1793","湖北省黄冈市","421100"
"1794","湖北省黄冈市黄州区","421102"
"1795","湖北省黄冈市团风县","421121"
"1796","湖北省黄冈市红安县","421122"
"1797","湖北省黄冈市罗田县","421123"
"1798","湖北省黄冈市英山县","421124"
"1799","湖北省黄冈市浠水县","421125"
"1800","湖北省黄冈市蕲春县","421126"
"1801","湖北省黄冈市黄梅县","421127"
"1802","湖北省黄冈市麻城市","421181"
"1803","湖北省黄冈市武穴市","421182"
"1804","湖北省咸宁市","421200"
"1805","湖北省咸宁市咸安区","421202"
"1806","湖北省咸宁市嘉鱼县","421221"
"1807","湖北省咸宁市通城县","421222"
"1808","湖北省咸宁市崇阳县","421223"
"1809","湖北省咸宁市通山县","421224"
"1810","湖北省咸宁市赤壁市","421281"
"1811","湖北省随州市","421300"
"1812","湖北省随州市曾都区","421302"
"1813","湖北省随州市广水市","421381"
"1814","湖北省恩施土家族苗族自治州","422800"
"1815","湖北省恩施土家族苗族自治州恩施市","422801"
"1816","湖北省恩施土家族苗族自治州利川市","422802"
"1817","湖北省恩施土家族苗族自治州建始县","422822"
"1818","湖北省恩施土家族苗族自治州巴东县","422823"
"1819","湖北省恩施土家族苗族自治州宣恩县","422825"
"1820","湖北省恩施土家族苗族自治州咸丰县","422826"
"1821","湖北省恩施土家族苗族自治州来凤县","422827"
"1822","湖北省恩施土家族苗族自治州鹤峰县","422828"
"1823","湖北省省直辖行政单位","429000"
"1824","湖北省省直辖行政单位仙桃市","429004"
"1825","湖北省省直辖行政单位潜江市","429005"
"1826","湖北省省直辖行政单位天门市","429006"
"1827","湖北省省直辖行政单位神农架林区","429021"
"1828","湖南省","430000"
"1829","湖南省长沙市","430100"
"1830","湖南省长沙市芙蓉区","430102"
"1831","湖南省长沙市天心区","430103"
"1832","湖南省长沙市岳麓区","430104"
"1833","湖南省长沙市开福区","430105"
"1834","湖南省长沙市雨花区","430111"
"1835","湖南省长沙市长沙县","430121"
"1836","湖南省长沙市望城县","430122"
"1837","湖南省长沙市宁乡县","430124"
"1838","湖南省长沙市浏阳市","430181"
"1839","湖南省株洲市","430200"
"1840","湖南省株洲市荷塘区","430202"
"1841","湖南省株洲市芦淞区","430203"
"1842","湖南省株洲市石峰区","430204"
"1843","湖南省株洲市天元区","430211"
"1844","湖南省株洲市株洲县","430221"
"1845","湖南省株洲市攸县","430223"
"1846","湖南省株洲市茶陵县","430224"
"1847","湖南省株洲市炎陵县","430225"
"1848","湖南省株洲市醴陵市","430281"
"1849","湖南省湘潭市","430300"
"1850","湖南省湘潭市雨湖区","430302"
"1851","湖南省湘潭市岳塘区","430304"
"1852","湖南省湘潭市湘潭县","430321"
"1853","湖南省湘潭市湘乡市","430381"
"1854","湖南省湘潭市韶山市","430382"
"1855","湖南省衡阳市","430400"
"1856","湖南省衡阳市珠晖区","430405"
"1857","湖南省衡阳市雁峰区","430406"
"1858","湖南省衡阳市石鼓区","430407"
"1859","湖南省衡阳市蒸湘区","430408"
"1860","湖南省衡阳市南岳区","430412"
"1861","湖南省衡阳市衡阳县","430421"
"1862","湖南省衡阳市衡南县","430422"
"1863","湖南省衡阳市衡山县","430423"
"1864","湖南省衡阳市衡东县","430424"
"1865","湖南省衡阳市祁东县","430426"
"1866","湖南省衡阳市耒阳市","430481"
"1867","湖南省衡阳市常宁市","430482"
"1868","湖南省邵阳市","430500"
"1869","湖南省邵阳市双清区","430502"
"1870","湖南省邵阳市大祥区","430503"
"1871","湖南省邵阳市北塔区","430511"
"1872","湖南省邵阳市邵东县","430521"
"1873","湖南省邵阳市新邵县","430522"
"1874","湖南省邵阳市邵阳县","430523"
"1875","湖南省邵阳市隆回县","430524"
"1876","湖南省邵阳市洞口县","430525"
"1877","湖南省邵阳市绥宁县","430527"
"1878","湖南省邵阳市新宁县","430528"
"1879","湖南省邵阳市城步苗族自治县","430529"
"1880","湖南省邵阳市武冈市","430581"
"1881","湖南省岳阳市","430600"
"1882","湖南省岳阳市岳阳楼区","430602"
"1883","湖南省岳阳市云溪区","430603"
"1884","湖南省岳阳市君山区","430611"
"1885","湖南省岳阳市岳阳县","430621"
"1886","湖南省岳阳市华容县","430623"
"1887","湖南省岳阳市湘阴县","430624"
"1888","湖南省岳阳市平江县","430626"
"1889","湖南省岳阳市汨罗市","430681"
"1890","湖南省岳阳市临湘市","430682"
"1891","湖南省常德市","430700"
"1892","湖南省常德市武陵区","430702"
"1893","湖南省常德市鼎城区","430703"
"1894","湖南省常德市安乡县","430721"
"1895","湖南省常德市汉寿县","430722"
"1896","湖南省常德市澧县","430723"
"1897","湖南省常德市临澧县","430724"
"1898","湖南省常德市桃源县","430725"
"1899","湖南省常德市石门县","430726"
"1900","湖南省常德市津市市","430781"
"1901","湖南省张家界市","430800"
"1902","湖南省张家界市永定区","430802"
"1903","湖南省张家界市武陵源区","430811"
"1904","湖南省张家界市慈利县","430821"
"1905","湖南省张家界市桑植县","430822"
"1906","湖南省益阳市","430900"
"1907","湖南省益阳市资阳区","430902"
"1908","湖南省益阳市赫山区","430903"
"1909","湖南省益阳市南县","430921"
"1910","湖南省益阳市桃江县","430922"
"1911","湖南省益阳市安化县","430923"
"1912","湖南省益阳市沅江市","430981"
"1913","湖南省郴州市","431000"
"1914","湖南省郴州市北湖区","431002"
"1915","湖南省郴州市苏仙区","431003"
"1916","湖南省郴州市桂阳县","431021"
"1917","湖南省郴州市宜章县","431022"
"1918","湖南省郴州市永兴县","431023"
"1919","湖南省郴州市嘉禾县","431024"
"1920","湖南省郴州市临武县","431025"
"1921","湖南省郴州市汝城县","431026"
"1922","湖南省郴州市桂东县","431027"
"1923","湖南省郴州市安仁县","431028"
"1924","湖南省郴州市资兴市","431081"
"1925","湖南省永州市","431100"
"1926","湖南省永州市零陵区","431102"
"1927","湖南省永州市冷水滩区","431103"
"1928","湖南省永州市祁阳县","431121"
"1929","湖南省永州市东安县","431122"
"1930","湖南省永州市双牌县","431123"
"1931","湖南省永州市道县","431124"
"1932","湖南省永州市江永县","431125"
"1933","湖南省永州市宁远县","431126"
"1934","湖南省永州市蓝山县","431127"
"1935","湖南省永州市新田县","431128"
"1936","湖南省永州市江华瑶族自治县","431129"
"1937","湖南省怀化市","431200"
"1938","湖南省怀化市鹤城区","431202"
"1939","湖南省怀化市中方县","431221"
"1940","湖南省怀化市沅陵县","431222"
"1941","湖南省怀化市辰溪县","431223"
"1942","湖南省怀化市溆浦县","431224"
"1943","湖南省怀化市会同县","431225"
"1944","湖南省怀化市麻阳苗族自治县","431226"
"1945","湖南省怀化市新晃侗族自治县","431227"
"1946","湖南省怀化市芷江侗族自治县","431228"
"1947","湖南省怀化市靖州苗族侗族自治县","431229"
"1948","湖南省怀化市通道侗族自治县","431230"
"1949","湖南省怀化市洪江市","431281"
"1950","湖南省娄底市","431300"
"1951","湖南省娄底市娄星区","431302"
"1952","湖南省娄底市双峰县","431321"
"1953","湖南省娄底市新化县","431322"
"1954","湖南省娄底市冷水江市","431381"
"1955","湖南省娄底市涟源市","431382"
"1956","湖南省湘西土家族苗族自治州","433100"
"1957","湖南省湘西土家族苗族自治州吉首市","433101"
"1958","湖南省湘西土家族苗族自治州泸溪县","433122"
"1959","湖南省湘西土家族苗族自治州凤凰县","433123"
"1960","湖南省湘西土家族苗族自治州花垣县","433124"
"1961","湖南省湘西土家族苗族自治州保靖县","433125"
"1962","湖南省湘西土家族苗族自治州古丈县","433126"
"1963","湖南省湘西土家族苗族自治州永顺县","433127"
"1964","湖南省湘西土家族苗族自治州龙山县","433130"
"1965","广东省","440000"
"1966","广东省广州市","440100"
"1967","广东省广州市荔湾区","440103"
"1968","广东省广州市越秀区","440104"
"1969","广东省广州市海珠区","440105"
"1970","广东省广州市天河区","440106"
"1971","广东省广州市白云区","440111"
"1972","广东省广州市黄埔区","440112"
"1973","广东省广州市番禺区","440113"
"1974","广东省广州市花都区","440114"
"1975","广东省广州市南沙区","440115"
"1976","广东省广州市萝岗区","440116"
"1977","广东省广州市增城市","440183"
"1978","广东省广州市从化市","440184"
"1979","广东省韶关市","440200"
"1980","广东省韶关市武江区","440203"
"1981","广东省韶关市浈江区","440204"
"1982","广东省韶关市曲江区","440205"
"1983","广东省韶关市始兴县","440222"
"1984","广东省韶关市仁化县","440224"
"1985","广东省韶关市翁源县","440229"
"1986","广东省韶关市乳源瑶族自治县","440232"
"1987","广东省韶关市新丰县","440233"
"1988","广东省韶关市乐昌市","440281"
"1989","广东省韶关市南雄市","440282"
"1990","广东省深圳市","440300"
"1991","广东省深圳市罗湖区","440303"
"1992","广东省深圳市福田区","440304"
"1993","广东省深圳市南山区","440305"
"1994","广东省深圳市宝安区","440306"
"1995","广东省深圳市龙岗区","440307"
"1996","广东省深圳市盐田区","440308"
"1997","广东省珠海市","440400"
"1998","广东省珠海市香洲区","440402"
"1999","广东省珠海市斗门区","440403"
"2000","广东省珠海市金湾区","440404"
"2001","广东省汕头市","440500"
"2002","广东省汕头市龙湖区","440507"
"2003","广东省汕头市金平区","440511"
"2004","广东省汕头市濠江区","440512"
"2005","广东省汕头市潮阳区","440513"
"2006","广东省汕头市潮南区","440514"
"2007","广东省汕头市澄海区","440515"
"2008","广东省汕头市南澳县","440523"
"2009","广东省佛山市","440600"
"2010","广东省佛山市禅城区","440604"
"2011","广东省佛山市南海区","440605"
"2012","广东省佛山市顺德区","440606"
"2013","广东省佛山市三水区","440607"
"2014","广东省佛山市高明区","440608"
"2015","广东省江门市","440700"
"2016","广东省江门市蓬江区","440703"
"2017","广东省江门市江海区","440704"
"2018","广东省江门市新会区","440705"
"2019","广东省江门市台山市","440781"
"2020","广东省江门市开平市","440783"
"2021","广东省江门市鹤山市","440784"
"2022","广东省江门市恩平市","440785"
"2023","广东省湛江市","440800"
"2024","广东省湛江市赤坎区","440802"
"2025","广东省湛江市霞山区","440803"
"2026","广东省湛江市坡头区","440804"
"2027","广东省湛江市麻章区","440811"
"2028","广东省湛江市遂溪县","440823"
"2029","广东省湛江市徐闻县","440825"
"2030","广东省湛江市廉江市","440881"
"2031","广东省湛江市雷州市","440882"
"2032","广东省湛江市吴川市","440883"
"2033","广东省茂名市","440900"
"2034","广东省茂名市茂南区","440902"
"2035","广东省茂名市茂港区","440903"
"2036","广东省茂名市电白县","440923"
"2037","广东省茂名市高州市","440981"
"2038","广东省茂名市化州市","440982"
"2039","广东省茂名市信宜市","440983"
"2040","广东省肇庆市","441200"
"2041","广东省肇庆市端州区","441202"
"2042","广东省肇庆市鼎湖区","441203"
"2043","广东省肇庆市广宁县","441223"
"2044","广东省肇庆市怀集县","441224"
"2045","广东省肇庆市封开县","441225"
"2046","广东省肇庆市德庆县","441226"
"2047","广东省肇庆市高要市","441283"
"2048","广东省肇庆市四会市","441284"
"2049","广东省惠州市","441300"
"2050","广东省惠州市惠城区","441302"
"2051","广东省惠州市惠阳区","441303"
"2052","广东省惠州市博罗县","441322"
"2053","广东省惠州市惠东县","441323"
"2054","广东省惠州市龙门县","441324"
"2055","广东省梅州市","441400"
"2056","广东省梅州市梅江区","441402"
"2057","广东省梅州市梅县","441421"
"2058","广东省梅州市大埔县","441422"
"2059","广东省梅州市丰顺县","441423"
"2060","广东省梅州市五华县","441424"
"2061","广东省梅州市平远县","441426"
"2062","广东省梅州市蕉岭县","441427"
"2063","广东省梅州市兴宁市","441481"
"2064","广东省汕尾市","441500"
"2065","广东省汕尾市城区","441502"
"2066","广东省汕尾市海丰县","441521"
"2067","广东省汕尾市陆河县","441523"
"2068","广东省汕尾市陆丰市","441581"
"2069","广东省河源市","441600"
"2070","广东省河源市源城区","441602"
"2071","广东省河源市紫金县","441621"
"2072","广东省河源市龙川县","441622"
"2073","广东省河源市连平县","441623"
"2074","广东省河源市和平县","441624"
"2075","广东省河源市东源县","441625"
"2076","广东省阳江市","441700"
"2077","广东省阳江市江城区","441702"
"2078","广东省阳江市阳西县","441721"
"2079","广东省阳江市阳东县","441723"
"2080","广东省阳江市阳春市","441781"
"2081","广东省清远市","441800"
"2082","广东省清远市清城区","441802"
"2083","广东省清远市佛冈县","441821"
"2084","广东省清远市阳山县","441823"
"2085","广东省清远市连山壮族瑶族自治县","441825"
"2086","广东省清远市连南瑶族自治县","441826"
"2087","广东省清远市清新县","441827"
"2088","广东省清远市英德市","441881"
"2089","广东省清远市连州市","441882"
"2090","广东省东莞市","441900"
"2091","广东省东莞市市辖区","441901"
"2092","广东省中山市","442000"
"2093","广东省中山市市辖区","442001"
"2094","广东省潮州市","445100"
"2095","广东省潮州市湘桥区","445102"
"2096","广东省潮州市潮安县","445121"
"2097","广东省潮州市饶平县","445122"
"2098","广东省揭阳市","445200"
"2099","广东省揭阳市榕城区","445202"
"2100","广东省揭阳市揭东县","445221"
"2101","广东省揭阳市揭西县","445222"
"2102","广东省揭阳市惠来县","445224"
"2103","广东省揭阳市普宁市","445281"
"2104","广东省云浮市","445300"
"2105","广东省云浮市云城区","445302"
"2106","广东省云浮市新兴县","445321"
"2107","广东省云浮市郁南县","445322"
"2108","广东省云浮市云安县","445323"
"2109","广东省云浮市罗定市","445381"
"2110","广西壮族自治区","450000"
"2111","广西壮族自治区南宁市","450100"
"2112","广西壮族自治区南宁市兴宁区","450102"
"2113","广西壮族自治区南宁市青秀区","450103"
"2114","广西壮族自治区南宁市江南区","450105"
"2115","广西壮族自治区南宁市西乡塘区","450107"
"2116","广西壮族自治区南宁市良庆区","450108"
"2117","广西壮族自治区南宁市邕宁区","450109"
"2118","广西壮族自治区南宁市武鸣县","450122"
"2119","广西壮族自治区南宁市隆安县","450123"
"2120","广西壮族自治区南宁市马山县","450124"
"2121","广西壮族自治区南宁市上林县","450125"
"2122","广西壮族自治区南宁市宾阳县","450126"
"2123","广西壮族自治区南宁市横县","450127"
"2124","广西壮族自治区柳州市","450200"
"2125","广西壮族自治区柳州市城中区","450202"
"2126","广西壮族自治区柳州市鱼峰区","450203"
"2127","广西壮族自治区柳州市柳南区","450204"
"2128","广西壮族自治区柳州市柳北区","450205"
"2129","广西壮族自治区柳州市柳江县","450221"
"2130","广西壮族自治区柳州市柳城县","450222"
"2131","广西壮族自治区柳州市鹿寨县","450223"
"2132","广西壮族自治区柳州市融安县","450224"
"2133","广西壮族自治区柳州市融水苗族自治县","450225"
"2134","广西壮族自治区柳州市三江侗族自治县","450226"
"2135","广西壮族自治区桂林市","450300"
"2136","广西壮族自治区桂林市秀峰区","450302"
"2137","广西壮族自治区桂林市叠彩区","450303"
"2138","广西壮族自治区桂林市象山区","450304"
"2139","广西壮族自治区桂林市七星区","450305"
"2140","广西壮族自治区桂林市雁山区","450311"
"2141","广西壮族自治区桂林市阳朔县","450321"
"2142","广西壮族自治区桂林市临桂县","450322"
"2143","广西壮族自治区桂林市灵川县","450323"
"2144","广西壮族自治区桂林市全州县","450324"
"2145","广西壮族自治区桂林市兴安县","450325"
"2146","广西壮族自治区桂林市永福县","450326"
"2147","广西壮族自治区桂林市灌阳县","450327"
"2148","广西壮族自治区桂林市龙胜各族自治县","450328"
"2149","广西壮族自治区桂林市资源县","450329"
"2150","广西壮族自治区桂林市平乐县","450330"
"2151","广西壮族自治区桂林市荔蒲县","450331"
"2152","广西壮族自治区桂林市恭城瑶族自治县","450332"
"2153","广西壮族自治区梧州市","450400"
"2154","广西壮族自治区梧州市万秀区","450403"
"2155","广西壮族自治区梧州市蝶山区","450404"
"2156","广西壮族自治区梧州市长洲区","450405"
"2157","广西壮族自治区梧州市苍梧县","450421"
"2158","广西壮族自治区梧州市藤县","450422"
"2159","广西壮族自治区梧州市蒙山县","450423"
"2160","广西壮族自治区梧州市岑溪市","450481"
"2161","广西壮族自治区北海市","450500"
"2162","广西壮族自治区北海市海城区","450502"
"2163","广西壮族自治区北海市银海区","450503"
"2164","广西壮族自治区北海市铁山港区","450512"
"2165","广西壮族自治区北海市合浦县","450521"
"2166","广西壮族自治区防城港市","450600"
"2167","广西壮族自治区防城港市港口区","450602"
"2168","广西壮族自治区防城港市防城区","450603"
"2169","广西壮族自治区防城港市上思县","450621"
"2170","广西壮族自治区防城港市东兴市","450681"
"2171","广西壮族自治区钦州市","450700"
"2172","广西壮族自治区钦州市钦南区","450702"
"2173","广西壮族自治区钦州市钦北区","450703"
"2174","广西壮族自治区钦州市灵山县","450721"
"2175","广西壮族自治区钦州市浦北县","450722"
"2176","广西壮族自治区贵港市","450800"
"2177","广西壮族自治区贵港市港北区","450802"
"2178","广西壮族自治区贵港市港南区","450803"
"2179","广西壮族自治区贵港市覃塘区","450804"
"2180","广西壮族自治区贵港市平南县","450821"
"2181","广西壮族自治区贵港市桂平市","450881"
"2182","广西壮族自治区玉林市","450900"
"2183","广西壮族自治区玉林市玉州区","450902"
"2184","广西壮族自治区玉林市容县","450921"
"2185","广西壮族自治区玉林市陆川县","450922"
"2186","广西壮族自治区玉林市博白县","450923"
"2187","广西壮族自治区玉林市兴业县","450924"
"2188","广西壮族自治区玉林市北流市","450981"
"2189","广西壮族自治区百色市","451000"
"2190","广西壮族自治区百色市右江区","451002"
"2191","广西壮族自治区百色市田阳县","451021"
"2192","广西壮族自治区百色市田东县","451022"
"2193","广西壮族自治区百色市平果县","451023"
"2194","广西壮族自治区百色市德保县","451024"
"2195","广西壮族自治区百色市靖西县","451025"
"2196","广西壮族自治区百色市那坡县","451026"
"2197","广西壮族自治区百色市凌云县","451027"
"2198","广西壮族自治区百色市乐业县","451028"
"2199","广西壮族自治区百色市田林县","451029"
"2200","广西壮族自治区百色市西林县","451030"
"2201","广西壮族自治区百色市隆林各族自治县","451031"
"2202","广西壮族自治区贺州市","451100"
"2203","广西壮族自治区贺州市八步区","451102"
"2204","广西壮族自治区贺州市昭平县","451121"
"2205","广西壮族自治区贺州市钟山县","451122"
"2206","广西壮族自治区贺州市富川瑶族自治县","451123"
"2207","广西壮族自治区河池市","451200"
"2208","广西壮族自治区河池市金城江区","451202"
"2209","广西壮族自治区河池市南丹县","451221"
"2210","广西壮族自治区河池市天峨县","451222"
"2211","广西壮族自治区河池市凤山县","451223"
"2212","广西壮族自治区河池市东兰县","451224"
"2213","广西壮族自治区河池市罗城仫佬族自治县","451225"
"2214","广西壮族自治区河池市环江毛南族自治县","451226"
"2215","广西壮族自治区河池市巴马瑶族自治县","451227"
"2216","广西壮族自治区河池市都安瑶族自治县","451228"
"2217","广西壮族自治区河池市大化瑶族自治县","451229"
"2218","广西壮族自治区河池市宜州市","451281"
"2219","广西壮族自治区来宾市","451300"
"2220","广西壮族自治区来宾市兴宾区","451302"
"2221","广西壮族自治区来宾市忻城县","451321"
"2222","广西壮族自治区来宾市象州县","451322"
"2223","广西壮族自治区来宾市武宣县","451323"
"2224","广西壮族自治区来宾市金秀瑶族自治县","451324"
"2225","广西壮族自治区来宾市合山市","451381"
"2226","广西壮族自治区崇左市","451400"
"2227","广西壮族自治区崇左市江洲区","451402"
"2228","广西壮族自治区崇左市扶绥县","451421"
"2229","广西壮族自治区崇左市宁明县","451422"
"2230","广西壮族自治区崇左市龙州县","451423"
"2231","广西壮族自治区崇左市大新县","451424"
"2232","广西壮族自治区崇左市天等县","451425"
"2233","广西壮族自治区崇左市凭祥市","451481"
"2234","海南省","460000"
"2235","海南省海口市","460100"
"2236","海南省海口市秀英区","460105"
"2237","海南省海口市龙华区","460106"
"2238","海南省海口市琼山区","460107"
"2239","海南省海口市美兰区","460108"
"2240","海南省三亚市","460200"
"2241","海南省三亚市市辖区","460201"
"2242","海南省三沙市市辖区","460201"
"2243","海南省三沙市","460300"
"2244","海南省省直辖县级行政单位","469000"
"2245","海南省省直辖县级行政单位五指山市","469001"
"2246","海南省省直辖县级行政单位琼海市","469002"
"2247","海南省省直辖县级行政单位儋州市","469003"
"2248","海南省省直辖县级行政单位文昌市","469005"
"2249","海南省省直辖县级行政单位万宁市","469006"
"2250","海南省省直辖县级行政单位东方市","469007"
"2251","海南省省直辖县级行政单位定安县","469025"
"2252","海南省省直辖县级行政单位屯昌县","469026"
"2253","海南省省直辖县级行政单位澄迈县","469027"
"2254","海南省省直辖县级行政单位临高县","469028"
"2255","海南省省直辖县级行政单位白沙黎族自治县","469030"
"2256","海南省省直辖县级行政单位昌江黎族自治县","469031"
"2257","海南省省直辖县级行政单位乐东黎族自治县","469033"
"2258","海南省省直辖县级行政单位陵水黎族自治县","469034"
"2259","海南省省直辖县级行政单位保亭黎族苗族自治县","469035"
"2260","海南省省直辖县级行政单位琼中黎族苗族自治县","469036"
"2261","海南省省直辖县级行政单位西沙群岛","469037"
"2262","海南省省直辖县级行政单位南沙群岛","469038"
"2263","海南省省直辖县级行政单位中沙群岛的岛礁及其海域","469039"
"2264","重庆市","500000"
"2265","重庆市市辖区","500100"
"2266","重庆市市辖区万州区","500101"
"2267","重庆市市辖区涪陵区","500102"
"2268","重庆市市辖区渝中区","500103"
"2269","重庆市市辖区大渡口区","500104"
"2270","重庆市市辖区江北区","500105"
"2271","重庆市市辖区沙坪坝区","500106"
"2272","重庆市市辖区九龙坡区","500107"
"2273","重庆市市辖区南岸区","500108"
"2274","重庆市市辖区北碚区","500109"
"2275","重庆市市辖区万盛区","500110"
"2276","重庆市市辖区双桥区","500111"
"2277","重庆市市辖区渝北区","500112"
"2278","重庆市市辖区巴南区","500113"
"2279","重庆市市辖区黔江区","500114"
"2280","重庆市市辖区长寿区","500115"
"2281","重庆市市辖区江津区","500116"
"2282","重庆市市辖区合川区","500117"
"2283","重庆市市辖区永川区","500118"
"2284","重庆市市辖区南川区","500119"
"2285","重庆市县","500200"
"2286","重庆市县綦江县","500222"
"2287","重庆市县潼南县","500223"
"2288","重庆市县铜梁县","500224"
"2289","重庆市县大足县","500225"
"2290","重庆市县荣昌县","500226"
"2291","重庆市县璧山县","500227"
"2292","重庆市县梁平县","500228"
"2293","重庆市县城口县","500229"
"2294","重庆市县丰都县","500230"
"2295","重庆市县垫江县","500231"
"2296","重庆市县武隆县","500232"
"2297","重庆市县忠县","500233"
"2298","重庆市县开县","500234"
"2299","重庆市县云阳县","500235"
"2300","重庆市县奉节县","500236"
"2301","重庆市县巫山县","500237"
"2302","重庆市县巫溪县","500238"
"2303","重庆市县石柱土家族自治县","500240"
"2304","重庆市县秀山土家族苗族自治县","500241"
"2305","重庆市县酉阳土家族苗族自治县","500242"
"2306","重庆市县彭水苗族土家族自治县","500243"
"2307","四川省","510000"
"2308","四川省成都市","510100"
"2309","四川省成都市锦江区","510104"
"2310","四川省成都市青羊区","510105"
"2311","四川省成都市金牛区","510106"
"2312","四川省成都市武侯区","510107"
"2313","四川省成都市成华区","510108"
"2314","四川省成都市龙泉驿区","510112"
"2315","四川省成都市青白江区","510113"
"2316","四川省成都市新都区","510114"
"2317","四川省成都市温江区","510115"
"2318","四川省成都市金堂县","510121"
"2319","四川省成都市双流县","510122"
"2320","四川省成都市郫县","510124"
"2321","四川省成都市大邑县","510129"
"2322","四川省成都市蒲江县","510131"
"2323","四川省成都市新津县","510132"
"2324","四川省成都市都江堰市","510181"
"2325","四川省成都市彭州市","510182"
"2326","四川省成都市邛崃市","510183"
"2327","四川省成都市崇州市","510184"
"2328","四川省自贡市","510300"
"2329","四川省自贡市自流井区","510302"
"2330","四川省自贡市贡井区","510303"
"2331","四川省自贡市大安区","510304"
"2332","四川省自贡市沿滩区","510311"
"2333","四川省自贡市荣县","510321"
"2334","四川省自贡市富顺县","510322"
"2335","四川省攀枝花市","510400"
"2336","四川省攀枝花市东区","510402"
"2337","四川省攀枝花市西区","510403"
"2338","四川省攀枝花市仁和区","510411"
"2339","四川省攀枝花市米易县","510421"
"2340","四川省攀枝花市盐边县","510422"
"2341","四川省泸州市","510500"
"2342","四川省泸州市江阳区","510502"
"2343","四川省泸州市纳溪区","510503"
"2344","四川省泸州市龙马潭区","510504"
"2345","四川省泸州市泸县","510521"
"2346","四川省泸州市合江县","510522"
"2347","四川省泸州市叙永县","510524"
"2348","四川省泸州市古蔺县","510525"
"2349","四川省德阳市","510600"
"2350","四川省德阳市旌阳区","510603"
"2351","四川省德阳市中江县","510623"
"2352","四川省德阳市罗江县","510626"
"2353","四川省德阳市广汉市","510681"
"2354","四川省德阳市什邡市","510682"
"2355","四川省德阳市绵竹市","510683"
"2356","四川省绵阳市","510700"
"2357","四川省绵阳市涪城区","510703"
"2358","四川省绵阳市游仙区","510704"
"2359","四川省绵阳市三台县","510722"
"2360","四川省绵阳市盐亭县","510723"
"2361","四川省绵阳市安县","510724"
"2362","四川省绵阳市梓潼县","510725"
"2363","四川省绵阳市北川羌族自治县","510726"
"2364","四川省绵阳市平武县","510727"
"2365","四川省绵阳市江油市","510781"
"2366","四川省广元市","510800"
"2367","四川省广元市市中区","510802"
"2368","四川省广元市元坝区","510811"
"2369","四川省广元市朝天区","510812"
"2370","四川省广元市旺苍县","510821"
"2371","四川省广元市青川县","510822"
"2372","四川省广元市剑阁县","510823"
"2373","四川省广元市苍溪县","510824"
"2374","四川省遂宁市","510900"
"2375","四川省遂宁市船山区","510903"
"2376","四川省遂宁市安居区","510904"
"2377","四川省遂宁市蓬溪县","510921"
"2378","四川省遂宁市射洪县","510922"
"2379","四川省遂宁市大英县","510923"
"2380","四川省内江市","511000"
"2381","四川省内江市市中区","511002"
"2382","四川省内江市东兴区","511011"
"2383","四川省内江市威远县","511024"
"2384","四川省内江市资中县","511025"
"2385","四川省内江市隆昌县","511028"
"2386","四川省乐山市","511100"
"2387","四川省乐山市市中区","511102"
"2388","四川省乐山市沙湾区","511111"
"2389","四川省乐山市五通桥区","511112"
"2390","四川省乐山市金口河区","511113"
"2391","四川省乐山市犍为县","511123"
"2392","四川省乐山市井研县","511124"
"2393","四川省乐山市夹江县","511126"
"2394","四川省乐山市沐川县","511129"
"2395","四川省乐山市峨边彝族自治县","511132"
"2396","四川省乐山市马边彝族自治县","511133"
"2397","四川省乐山市峨眉山市","511181"
"2398","四川省南充市","511300"
"2399","四川省南充市顺庆区","511302"
"2400","四川省南充市高坪区","511303"
"2401","四川省南充市嘉陵区","511304"
"2402","四川省南充市南部县","511321"
"2403","四川省南充市营山县","511322"
"2404","四川省南充市蓬安县","511323"
"2405","四川省南充市仪陇县","511324"
"2406","四川省南充市西充县","511325"
"2407","四川省南充市阆中市","511381"
"2408","四川省眉山市","511400"
"2409","四川省眉山市东坡区","511402"
"2410","四川省眉山市仁寿县","511421"
"2411","四川省眉山市彭山县","511422"
"2412","四川省眉山市洪雅县","511423"
"2413","四川省眉山市丹棱县","511424"
"2414","四川省眉山市青神县","511425"
"2415","四川省宜宾市","511500"
"2416","四川省宜宾市翠屏区","511502"
"2417","四川省宜宾市宜宾县","511521"
"2418","四川省宜宾市南溪县","511522"
"2419","四川省宜宾市江安县","511523"
"2420","四川省宜宾市长宁县","511524"
"2421","四川省宜宾市高县","511525"
"2422","四川省宜宾市珙县","511526"
"2423","四川省宜宾市筠连县","511527"
"2424","四川省宜宾市兴文县","511528"
"2425","四川省宜宾市屏山县","511529"
"2426","四川省广安市","511600"
"2427","四川省广安市广安区","511602"
"2428","四川省广安市岳池县","511621"
"2429","四川省广安市武胜县","511622"
"2430","四川省广安市邻水县","511623"
"2431","四川省广安市华蓥市","511681"
"2432","四川省达州市","511700"
"2433","四川省达州市通川区","511702"
"2434","四川省达州市达县","511721"
"2435","四川省达州市宣汉县","511722"
"2436","四川省达州市开江县","511723"
"2437","四川省达州市大竹县","511724"
"2438","四川省达州市渠县","511725"
"2439","四川省达州市万源市","511781"
"2440","四川省雅安市","511800"
"2441","四川省雅安市雨城区","511802"
"2442","四川省雅安市名山县","511821"
"2443","四川省雅安市荥经县","511822"
"2444","四川省雅安市汉源县","511823"
"2445","四川省雅安市石棉县","511824"
"2446","四川省雅安市天全县","511825"
"2447","四川省雅安市芦山县","511826"
"2448","四川省雅安市宝兴县","511827"
"2449","四川省巴中市","511900"
"2450","四川省巴中市巴州区","511902"
"2451","四川省巴中市通江县","511921"
"2452","四川省巴中市南江县","511922"
"2453","四川省巴中市平昌县","511923"
"2454","四川省资阳市","512000"
"2455","四川省资阳市雁江区","512002"
"2456","四川省资阳市安岳县","512021"
"2457","四川省资阳市乐至县","512022"
"2458","四川省资阳市简阳市","512081"
"2459","四川省阿坝藏族羌族自治州","513200"
"2460","四川省阿坝藏族羌族自治州汶川县","513221"
"2461","四川省阿坝藏族羌族自治州理县","513222"
"2462","四川省阿坝藏族羌族自治州茂县","513223"
"2463","四川省阿坝藏族羌族自治州松潘县","513224"
"2464","四川省阿坝藏族羌族自治州九寨沟县","513225"
"2465","四川省阿坝藏族羌族自治州金川县","513226"
"2466","四川省阿坝藏族羌族自治州小金县","513227"
"2467","四川省阿坝藏族羌族自治州黑水县","513228"
"2468","四川省阿坝藏族羌族自治州马尔康县","513229"
"2469","四川省阿坝藏族羌族自治州壤塘县","513230"
"2470","四川省阿坝藏族羌族自治州阿坝县","513231"
"2471","四川省阿坝藏族羌族自治州若尔盖县","513232"
"2472","四川省阿坝藏族羌族自治州红原县","513233"
"2473","四川省甘孜藏族自治州","513300"
"2474","四川省甘孜藏族自治州康定县","513321"
"2475","四川省甘孜藏族自治州泸定县","513322"
"2476","四川省甘孜藏族自治州丹巴县","513323"
"2477","四川省甘孜藏族自治州九龙县","513324"
"2478","四川省甘孜藏族自治州雅江县","513325"
"2479","四川省甘孜藏族自治州道孚县","513326"
"2480","四川省甘孜藏族自治州炉霍县","513327"
"2481","四川省甘孜藏族自治州甘孜县","513328"
"2482","四川省甘孜藏族自治州新龙县","513329"
"2483","四川省甘孜藏族自治州德格县","513330"
"2484","四川省甘孜藏族自治州白玉县","513331"
"2485","四川省甘孜藏族自治州石渠县","513332"
"2486","四川省甘孜藏族自治州色达县","513333"
"2487","四川省甘孜藏族自治州理塘县","513334"
"2488","四川省甘孜藏族自治州巴塘县","513335"
"2489","四川省甘孜藏族自治州乡城县","513336"
"2490","四川省甘孜藏族自治州稻城县","513337"
"2491","四川省甘孜藏族自治州得荣县","513338"
"2492","四川省凉山彝族自治州","513400"
"2493","四川省凉山彝族自治州西昌市","513401"
"2494","四川省凉山彝族自治州木里藏族自治县","513422"
"2495","四川省凉山彝族自治州盐源县","513423"
"2496","四川省凉山彝族自治州德昌县","513424"
"2497","四川省凉山彝族自治州会理县","513425"
"2498","四川省凉山彝族自治州会东县","513426"
"2499","四川省凉山彝族自治州宁南县","513427"
"2500","四川省凉山彝族自治州普格县","513428"
"2501","四川省凉山彝族自治州布拖县","513429"
"2502","四川省凉山彝族自治州金阳县","513430"
"2503","四川省凉山彝族自治州昭觉县","513431"
"2504","四川省凉山彝族自治州喜德县","513432"
"2505","四川省凉山彝族自治州冕宁县","513433"
"2506","四川省凉山彝族自治州越西县","513434"
"2507","四川省凉山彝族自治州甘洛县","513435"
"2508","四川省凉山彝族自治州美姑县","513436"
"2509","四川省凉山彝族自治州雷波县","513437"
"2510","贵州省","520000"
"2511","贵州省贵阳市","520100"
"2512","贵州省贵阳市南明区","520102"
"2513","贵州省贵阳市云岩区","520103"
"2514","贵州省贵阳市花溪区","520111"
"2515","贵州省贵阳市乌当区","520112"
"2516","贵州省贵阳市白云区","520113"
"2517","贵州省贵阳市小河区","520114"
"2518","贵州省贵阳市开阳县","520121"
"2519","贵州省贵阳市息烽县","520122"
"2520","贵州省贵阳市修文县","520123"
"2521","贵州省贵阳市清镇市","520181"
"2522","贵州省六盘水市","520200"
"2523","贵州省六盘水市钟山区","520201"
"2524","贵州省六盘水市六枝特区","520203"
"2525","贵州省六盘水市水城县","520221"
"2526","贵州省六盘水市盘县","520222"
"2527","贵州省遵义市","520300"
"2528","贵州省遵义市红花岗区","520302"
"2529","贵州省遵义市汇川区","520303"
"2530","贵州省遵义市遵义县","520321"
"2531","贵州省遵义市桐梓县","520322"
"2532","贵州省遵义市绥阳县","520323"
"2533","贵州省遵义市正安县","520324"
"2534","贵州省遵义市道真仡佬族苗族自治县","520325"
"2535","贵州省遵义市务川仡佬族苗族自治县","520326"
"2536","贵州省遵义市凤冈县","520327"
"2537","贵州省遵义市湄潭县","520328"
"2538","贵州省遵义市余庆县","520329"
"2539","贵州省遵义市习水县","520330"
"2540","贵州省遵义市赤水市","520381"
"2541","贵州省遵义市仁怀市","520382"
"2542","贵州省安顺市","520400"
"2543","贵州省安顺市西秀区","520402"
"2544","贵州省安顺市平坝县","520421"
"2545","贵州省安顺市普定县","520422"
"2546","贵州省安顺市镇宁布依族苗族自治县","520423"
"2547","贵州省安顺市关岭布依族苗族自治县","520424"
"2548","贵州省安顺市紫云苗族布依族自治县","520425"
"2549","贵州省铜仁地区","522200"
"2550","贵州省铜仁地区铜仁市","522201"
"2551","贵州省铜仁地区江口县","522222"
"2552","贵州省铜仁地区玉屏侗族自治县","522223"
"2553","贵州省铜仁地区石阡县","522224"
"2554","贵州省铜仁地区思南县","522225"
"2555","贵州省铜仁地区印江土家族苗族自治县","522226"
"2556","贵州省铜仁地区德江县","522227"
"2557","贵州省铜仁地区沿河土家族自治县","522228"
"2558","贵州省铜仁地区松桃苗族自治县","522229"
"2559","贵州省铜仁地区万山特区","522230"
"2560","贵州省黔西南布依族苗族自治州","522300"
"2561","贵州省黔西南布依族苗族自治州兴义市","522301"
"2562","贵州省黔西南布依族苗族自治州兴仁县","522322"
"2563","贵州省黔西南布依族苗族自治州普安县","522323"
"2564","贵州省黔西南布依族苗族自治州晴隆县","522324"
"2565","贵州省黔西南布依族苗族自治州贞丰县","522325"
"2566","贵州省黔西南布依族苗族自治州望谟县","522326"
"2567","贵州省黔西南布依族苗族自治州册亨县","522327"
"2568","贵州省黔西南布依族苗族自治州安龙县","522328"
"2569","贵州省毕节地区","522400"
"2570","贵州省毕节地区毕节市","522401"
"2571","贵州省毕节地区大方县","522422"
"2572","贵州省毕节地区黔西县","522423"
"2573","贵州省毕节地区金沙县","522424"
"2574","贵州省毕节地区织金县","522425"
"2575","贵州省毕节地区纳雍县","522426"
"2576","贵州省毕节地区威宁彝族回族苗族自治县","522427"
"2577","贵州省毕节地区赫章县","522428"
"2578","贵州省黔东南苗族侗族自治州","522600"
"2579","贵州省黔东南苗族侗族自治州凯里市","522601"
"2580","贵州省黔东南苗族侗族自治州黄平县","522622"
"2581","贵州省黔东南苗族侗族自治州施秉县","522623"
"2582","贵州省黔东南苗族侗族自治州三穗县","522624"
"2583","贵州省黔东南苗族侗族自治州镇远县","522625"
"2584","贵州省黔东南苗族侗族自治州岑巩县","522626"
"2585","贵州省黔东南苗族侗族自治州天柱县","522627"
"2586","贵州省黔东南苗族侗族自治州锦屏县","522628"
"2587","贵州省黔东南苗族侗族自治州剑河县","522629"
"2588","贵州省黔东南苗族侗族自治州台江县","522630"
"2589","贵州省黔东南苗族侗族自治州黎平县","522631"
"2590","贵州省黔东南苗族侗族自治州榕江县","522632"
"2591","贵州省黔东南苗族侗族自治州从江县","522633"
"2592","贵州省黔东南苗族侗族自治州雷山县","522634"
"2593","贵州省黔东南苗族侗族自治州麻江县","522635"
"2594","贵州省黔东南苗族侗族自治州丹寨县","522636"
"2595","贵州省黔南布依族苗族自治州","522700"
"2596","贵州省黔南布依族苗族自治州都匀市","522701"
"2597","贵州省黔南布依族苗族自治州福泉市","522702"
"2598","贵州省黔南布依族苗族自治州荔波县","522722"
"2599","贵州省黔南布依族苗族自治州贵定县","522723"
"2600","贵州省黔南布依族苗族自治州瓮安县","522725"
"2601","贵州省黔南布依族苗族自治州独山县","522726"
"2602","贵州省黔南布依族苗族自治州平塘县","522727"
"2603","贵州省黔南布依族苗族自治州罗甸县","522728"
"2604","贵州省黔南布依族苗族自治州长顺县","522729"
"2605","贵州省黔南布依族苗族自治州龙里县","522730"
"2606","贵州省黔南布依族苗族自治州惠水县","522731"
"2607","贵州省黔南布依族苗族自治州三都水族自治县","522732"
"2608","云南省","530000"
"2609","云南省昆明市","530100"
"2610","云南省昆明市五华区","530102"
"2611","云南省昆明市盘龙区","530103"
"2612","云南省昆明市官渡区","530111"
"2613","云南省昆明市西山区","530112"
"2614","云南省昆明市东川区","530113"
"2615","云南省昆明市呈贡县","530121"
"2616","云南省昆明市晋宁县","530122"
"2617","云南省昆明市富民县","530124"
"2618","云南省昆明市宜良县","530125"
"2619","云南省昆明市石林彝族自治县","530126"
"2620","云南省昆明市嵩明县","530127"
"2621","云南省昆明市禄劝彝族苗族自治县","530128"
"2622","云南省昆明市寻甸回族彝族自治县","530129"
"2623","云南省昆明市安宁市","530181"
"2624","云南省曲靖市","530300"
"2625","云南省曲靖市麒麟区","530302"
"2626","云南省曲靖市马龙县","530321"
"2627","云南省曲靖市陆良县","530322"
"2628","云南省曲靖市师宗县","530323"
"2629","云南省曲靖市罗平县","530324"
"2630","云南省曲靖市富源县","530325"
"2631","云南省曲靖市会泽县","530326"
"2632","云南省曲靖市沾益县","530328"
"2633","云南省曲靖市宣威市","530381"
"2634","云南省玉溪市","530400"
"2635","云南省玉溪市红塔区","530402"
"2636","云南省玉溪市江川县","530421"
"2637","云南省玉溪市澄江县","530422"
"2638","云南省玉溪市通海县","530423"
"2639","云南省玉溪市华宁县","530424"
"2640","云南省玉溪市易门县","530425"
"2641","云南省玉溪市峨山彝族自治县","530426"
"2642","云南省玉溪市新平彝族傣族自治县","530427"
"2643","云南省玉溪市元江哈尼族彝族傣族自治县","530428"
"2644","云南省保山市","530500"
"2645","云南省保山市隆阳区","530502"
"2646","云南省保山市施甸县","530521"
"2647","云南省保山市腾冲县","530522"
"2648","云南省保山市龙陵县","530523"
"2649","云南省保山市昌宁县","530524"
"2650","云南省昭通市","530600"
"2651","云南省昭通市昭阳区","530602"
"2652","云南省昭通市鲁甸县","530621"
"2653","云南省昭通市巧家县","530622"
"2654","云南省昭通市盐津县","530623"
"2655","云南省昭通市大关县","530624"
"2656","云南省昭通市永善县","530625"
"2657","云南省昭通市绥江县","530626"
"2658","云南省昭通市镇雄县","530627"
"2659","云南省昭通市彝良县","530628"
"2660","云南省昭通市威信县","530629"
"2661","云南省昭通市水富县","530630"
"2662","云南省丽江市","530700"
"2663","云南省丽江市古城区","530702"
"2664","云南省丽江市玉龙纳西族自治县","530721"
"2665","云南省丽江市永胜县","530722"
"2666","云南省丽江市华坪县","530723"
"2667","云南省丽江市宁蒗彝族自治县","530724"
"2668","云南省思茅市","530800"
"2669","云南省思茅市翠云区","530802"
"2670","云南省思茅市普洱哈尼族彝族自治县","530821"
"2671","云南省思茅市墨江哈尼族自治县","530822"
"2672","云南省思茅市景东彝族自治县","530823"
"2673","云南省思茅市景谷傣族彝族自治县","530824"
"2674","云南省思茅市镇沅彝族哈尼族拉祜族自治县","530825"
"2675","云南省思茅市江城哈尼族彝族自治县","530826"
"2676","云南省思茅市孟连傣族拉祜族佤族自治县","530827"
"2677","云南省思茅市澜沧拉祜族自治县","530828"
"2678","云南省思茅市西盟佤族自治县","530829"
"2679","云南省临沧市","530900"
"2680","云南省临沧市临翔区","530902"
"2681","云南省临沧市凤庆县","530921"
"2682","云南省临沧市云县","530922"
"2683","云南省临沧市永德县","530923"
"2684","云南省临沧市镇康县","530924"
"2685","云南省临沧市双江拉祜族佤族布朗族傣族自治县","530925"
"2686","云南省临沧市耿马傣族佤族自治县","530926"
"2687","云南省临沧市沧源佤族自治县","530927"
"2688","云南省楚雄彝族自治州","532300"
"2689","云南省楚雄彝族自治州楚雄市","532301"
"2690","云南省楚雄彝族自治州双柏县","532322"
"2691","云南省楚雄彝族自治州牟定县","532323"
"2692","云南省楚雄彝族自治州南华县","532324"
"2693","云南省楚雄彝族自治州姚安县","532325"
"2694","云南省楚雄彝族自治州大姚县","532326"
"2695","云南省楚雄彝族自治州永仁县","532327"
"2696","云南省楚雄彝族自治州元谋县","532328"
"2697","云南省楚雄彝族自治州武定县","532329"
"2698","云南省楚雄彝族自治州禄丰县","532331"
"2699","云南省红河哈尼族彝族自治州","532500"
"2700","云南省红河哈尼族彝族自治州个旧市","532501"
"2701","云南省红河哈尼族彝族自治州开远市","532502"
"2702","云南省红河哈尼族彝族自治州蒙自县","532522"
"2703","云南省红河哈尼族彝族自治州屏边苗族自治县","532523"
"2704","云南省红河哈尼族彝族自治州建水县","532524"
"2705","云南省红河哈尼族彝族自治州**","532525"
"2706","云南省红河哈尼族彝族自治州弥勒县","532526"
"2707","云南省红河哈尼族彝族自治州泸西县","532527"
"2708","云南省红河哈尼族彝族自治州元阳县","532528"
"2709","云南省红河哈尼族彝族自治州红河县","532529"
"2710","云南省红河哈尼族彝族自治州金平苗族瑶族傣族自治县","532530"
"2711","云南省红河哈尼族彝族自治州绿春县","532531"
"2712","云南省红河哈尼族彝族自治州河口瑶族自治县","532532"
"2713","云南省文山壮族苗族自治州","532600"
"2714","云南省文山壮族苗族自治州文山县","532621"
"2715","云南省文山壮族苗族自治州砚山县","532622"
"2716","云南省文山壮族苗族自治州西畴县","532623"
"2717","云南省文山壮族苗族自治州麻栗坡县","532624"
"2718","云南省文山壮族苗族自治州马关县","532625"
"2719","云南省文山壮族苗族自治州丘北县","532626"
"2720","云南省文山壮族苗族自治州广南县","532627"
"2721","云南省文山壮族苗族自治州富宁县","532628"
"2722","云南省西双版纳傣族自治州","532800"
"2723","云南省西双版纳傣族自治州景洪市","532801"
"2724","云南省西双版纳傣族自治州勐海县","532822"
"2725","云南省西双版纳傣族自治州勐腊县","532823"
"2726","云南省大理白族自治州","532900"
"2727","云南省大理白族自治州大理市","532901"
"2728","云南省大理白族自治州漾濞彝族自治县","532922"
"2729","云南省大理白族自治州祥云县","532923"
"2730","云南省大理白族自治州宾川县","532924"
"2731","云南省大理白族自治州弥渡县","532925"
"2732","云南省大理白族自治州南涧彝族自治县","532926"
"2733","云南省大理白族自治州巍山彝族回族自治县","532927"
"2734","云南省大理白族自治州永平县","532928"
"2735","云南省大理白族自治州云龙县","532929"
"2736","云南省大理白族自治州洱源县","532930"
"2737","云南省大理白族自治州剑川县","532931"
"2738","云南省大理白族自治州鹤庆县","532932"
"2739","云南省德宏傣族景颇族自治州","533100"
"2740","云南省德宏傣族景颇族自治州瑞丽市","533102"
"2741","云南省德宏傣族景颇族自治州潞西市","533103"
"2742","云南省德宏傣族景颇族自治州梁河县","533122"
"2743","云南省德宏傣族景颇族自治州盈江县","533123"
"2744","云南省德宏傣族景颇族自治州陇川县","533124"
"2745","云南省怒江傈僳族自治州","533300"
"2746","云南省怒江傈僳族自治州泸水县","533321"
"2747","云南省怒江傈僳族自治州福贡县","533323"
"2748","云南省怒江傈僳族自治州贡山独龙族怒族自治县","533324"
"2749","云南省怒江傈僳族自治州兰坪白族普米族自治县","533325"
"2750","云南省迪庆藏族自治州","533400"
"2751","云南省迪庆藏族自治州香格里拉县","533421"
"2752","云南省迪庆藏族自治州德钦县","533422"
"2753","云南省迪庆藏族自治州维西傈僳族自治县","533423"
"2754","西藏自治区","540000"
"2755","西藏自治区拉萨市","540100"
"2756","西藏自治区拉萨市城关区","540102"
"2757","西藏自治区拉萨市林周县","540121"
"2758","西藏自治区拉萨市当雄县","540122"
"2759","西藏自治区拉萨市尼木县","540123"
"2760","西藏自治区拉萨市曲水县","540124"
"2761","西藏自治区拉萨市堆龙德庆县","540125"
"2762","西藏自治区拉萨市达孜县","540126"
"2763","西藏自治区拉萨市墨竹工卡县","540127"
"2764","西藏自治区昌都地区","542100"
"2765","西藏自治区昌都地区昌都县","542121"
"2766","西藏自治区昌都地区江达县","542122"
"2767","西藏自治区昌都地区贡觉县","542123"
"2768","西藏自治区昌都地区类乌齐县","542124"
"2769","西藏自治区昌都地区丁青县","542125"
"2770","西藏自治区昌都地区察雅县","542126"
"2771","西藏自治区昌都地区八宿县","542127"
"2772","西藏自治区昌都地区左贡县","542128"
"2773","西藏自治区昌都地区芒康县","542129"
"2774","西藏自治区昌都地区洛隆县","542132"
"2775","西藏自治区昌都地区边坝县","542133"
"2776","西藏自治区山南地区","542200"
"2777","西藏自治区山南地区乃东县","542221"
"2778","西藏自治区山南地区扎囊县","542222"
"2779","西藏自治区山南地区贡嘎县","542223"
"2780","西藏自治区山南地区桑日县","542224"
"2781","西藏自治区山南地区琼结县","542225"
"2782","西藏自治区山南地区曲松县","542226"
"2783","西藏自治区山南地区措美县","542227"
"2784","西藏自治区山南地区洛扎县","542228"
"2785","西藏自治区山南地区加查县","542229"
"2786","西藏自治区山南地区隆子县","542231"
"2787","西藏自治区山南地区错那县","542232"
"2788","西藏自治区山南地区浪卡子县","542233"
"2789","西藏自治区日喀则地区","542300"
"2790","西藏自治区日喀则地区日喀则市","542301"
"2791","西藏自治区日喀则地区南木林县","542322"
"2792","西藏自治区日喀则地区江孜县","542323"
"2793","西藏自治区日喀则地区定日县","542324"
"2794","西藏自治区日喀则地区萨迦县","542325"
"2795","西藏自治区日喀则地区拉孜县","542326"
"2796","西藏自治区日喀则地区昂仁县","542327"
"2797","西藏自治区日喀则地区谢通门县","542328"
"2798","西藏自治区日喀则地区白朗县","542329"
"2799","西藏自治区日喀则地区仁布县","542330"
"2800","西藏自治区日喀则地区康马县","542331"
"2801","西藏自治区日喀则地区定结县","542332"
"2802","西藏自治区日喀则地区仲巴县","542333"
"2803","西藏自治区日喀则地区亚东县","542334"
"2804","西藏自治区日喀则地区吉隆县","542335"
"2805","西藏自治区日喀则地区聂拉木县","542336"
"2806","西藏自治区日喀则地区萨嘎县","542337"
"2807","西藏自治区日喀则地区岗巴县","542338"
"2808","西藏自治区那曲地区","542400"
"2809","西藏自治区那曲地区那曲县","542421"
"2810","西藏自治区那曲地区嘉黎县","542422"
"2811","西藏自治区那曲地区比如县","542423"
"2812","西藏自治区那曲地区聂荣县","542424"
"2813","西藏自治区那曲地区安多县","542425"
"2814","西藏自治区那曲地区申扎县","542426"
"2815","西藏自治区那曲地区索县","542427"
"2816","西藏自治区那曲地区班戈县","542428"
"2817","西藏自治区那曲地区巴青县","542429"
"2818","西藏自治区那曲地区尼玛县","542430"
"2819","西藏自治区阿里地区","542500"
"2820","西藏自治区阿里地区普兰县","542521"
"2821","西藏自治区阿里地区札达县","542522"
"2822","西藏自治区阿里地区噶尔县","542523"
"2823","西藏自治区阿里地区日土县","542524"
"2824","西藏自治区阿里地区革吉县","542525"
"2825","西藏自治区阿里地区改则县","542526"
"2826","西藏自治区阿里地区措勤县","542527"
"2827","西藏自治区林芝地区","542600"
"2828","西藏自治区林芝地区林芝县","542621"
"2829","西藏自治区林芝地区工布江达县","542622"
"2830","西藏自治区林芝地区米林县","542623"
"2831","西藏自治区林芝地区墨脱县","542624"
"2832","西藏自治区林芝地区波密县","542625"
"2833","西藏自治区林芝地区察隅县","542626"
"2834","西藏自治区林芝地区朗县","542627"
"2835","陕西省","610000"
"2836","陕西省西安市","610100"
"2837","陕西省西安市新城区","610102"
"2838","陕西省西安市碑林区","610103"
"2839","陕西省西安市莲湖区","610104"
"2840","陕西省西安市灞桥区","610111"
"2841","陕西省西安市未央区","610112"
"2842","陕西省西安市雁塔区","610113"
"2843","陕西省西安市阎良区","610114"
"2844","陕西省西安市临潼区","610115"
"2845","陕西省西安市长安区","610116"
"2846","陕西省西安市蓝田县","610122"
"2847","陕西省西安市周至县","610124"
"2848","陕西省西安市户县","610125"
"2849","陕西省西安市高陵县","610126"
"2850","陕西省铜川市","610200"
"2851","陕西省铜川市王益区","610202"
"2852","陕西省铜川市印台区","610203"
"2853","陕西省铜川市耀州区","610204"
"2854","陕西省铜川市宜君县","610222"
"2855","陕西省宝鸡市","610300"
"2856","陕西省宝鸡市渭滨区","610302"
"2857","陕西省宝鸡市金台区","610303"
"2858","陕西省宝鸡市陈仓区","610304"
"2859","陕西省宝鸡市凤翔县","610322"
"2860","陕西省宝鸡市岐山县","610323"
"2861","陕西省宝鸡市扶风县","610324"
"2862","陕西省宝鸡市眉县","610326"
"2863","陕西省宝鸡市陇县","610327"
"2864","陕西省宝鸡市千阳县","610328"
"2865","陕西省宝鸡市麟游县","610329"
"2866","陕西省宝鸡市凤县","610330"
"2867","陕西省宝鸡市太白县","610331"
"2868","陕西省咸阳市","610400"
"2869","陕西省咸阳市秦都区","610402"
"2870","陕西省咸阳市杨凌区","610403"
"2871","陕西省咸阳市渭城区","610404"
"2872","陕西省咸阳市三原县","610422"
"2873","陕西省咸阳市泾阳县","610423"
"2874","陕西省咸阳市乾县","610424"
"2875","陕西省咸阳市礼泉县","610425"
"2876","陕西省咸阳市永寿县","610426"
"2877","陕西省咸阳市彬县","610427"
"2878","陕西省咸阳市长武县","610428"
"2879","陕西省咸阳市旬邑县","610429"
"2880","陕西省咸阳市淳化县","610430"
"2881","陕西省咸阳市武功县","610431"
"2882","陕西省咸阳市兴平市","610481"
"2883","陕西省渭南市","610500"
"2884","陕西省渭南市临渭区","610502"
"2885","陕西省渭南市华县","610521"
"2886","陕西省渭南市潼关县","610522"
"2887","陕西省渭南市大荔县","610523"
"2888","陕西省渭南市合阳县","610524"
"2889","陕西省渭南市澄城县","610525"
"2890","陕西省渭南市蒲城县","610526"
"2891","陕西省渭南市白水县","610527"
"2892","陕西省渭南市富平县","610528"
"2893","陕西省渭南市韩城市","610581"
"2894","陕西省渭南市华阴市","610582"
"2895","陕西省延安市","610600"
"2896","陕西省延安市宝塔区","610602"
"2897","陕西省延安市延长县","610621"
"2898","陕西省延安市延川县","610622"
"2899","陕西省延安市子长县","610623"
"2900","陕西省延安市安塞县","610624"
"2901","陕西省延安市志丹县","610625"
"2902","陕西省延安市吴起县","610626"
"2903","陕西省延安市甘泉县","610627"
"2904","陕西省延安市富县","610628"
"2905","陕西省延安市洛川县","610629"
"2906","陕西省延安市宜川县","610630"
"2907","陕西省延安市黄龙县","610631"
"2908","陕西省延安市黄陵县","610632"
"2909","陕西省汉中市","610700"
"2910","陕西省汉中市汉台区","610702"
"2911","陕西省汉中市南郑县","610721"
"2912","陕西省汉中市城固县","610722"
"2913","陕西省汉中市洋县","610723"
"2914","陕西省汉中市西乡县","610724"
"2915","陕西省汉中市勉县","610725"
"2916","陕西省汉中市宁强县","610726"
"2917","陕西省汉中市略阳县","610727"
"2918","陕西省汉中市镇巴县","610728"
"2919","陕西省汉中市留坝县","610729"
"2920","陕西省汉中市佛坪县","610730"
"2921","陕西省榆林市","610800"
"2922","陕西省榆林市榆阳区","610802"
"2923","陕西省榆林市神木县","610821"
"2924","陕西省榆林市府谷县","610822"
"2925","陕西省榆林市横山县","610823"
"2926","陕西省榆林市靖边县","610824"
"2927","陕西省榆林市定边县","610825"
"2928","陕西省榆林市绥德县","610826"
"2929","陕西省榆林市米脂县","610827"
"2930","陕西省榆林市佳县","610828"
"2931","陕西省榆林市吴堡县","610829"
"2932","陕西省榆林市清涧县","610830"
"2933","陕西省榆林市子洲县","610831"
"2934","陕西省安康市","610900"
"2935","陕西省安康市汉滨区","610902"
"2936","陕西省安康市汉阴县","610921"
"2937","陕西省安康市石泉县","610922"
"2938","陕西省安康市宁陕县","610923"
"2939","陕西省安康市紫阳县","610924"
"2940","陕西省安康市岚皋县","610925"
"2941","陕西省安康市平利县","610926"
"2942","陕西省安康市镇坪县","610927"
"2943","陕西省安康市旬阳县","610928"
"2944","陕西省安康市白河县","610929"
"2945","陕西省商洛市","611000"
"2946","陕西省商洛市商州区","611002"
"2947","陕西省商洛市洛南县","611021"
"2948","陕西省商洛市丹凤县","611022"
"2949","陕西省商洛市商南县","611023"
"2950","陕西省商洛市山阳县","611024"
"2951","陕西省商洛市镇安县","611025"
"2952","陕西省商洛市柞水县","611026"
"2953","甘肃省","620000"
"2954","甘肃省兰州市","620100"
"2955","甘肃省兰州市城关区","620102"
"2956","甘肃省兰州市七里河区","620103"
"2957","甘肃省兰州市西固区","620104"
"2958","甘肃省兰州市安宁区","620105"
"2959","甘肃省兰州市红古区","620111"
"2960","甘肃省兰州市永登县","620121"
"2961","甘肃省兰州市皋兰县","620122"
"2962","甘肃省兰州市榆中县","620123"
"2963","甘肃省嘉峪关市","620200"
"2964","甘肃省金昌市","620300"
"2965","甘肃省金昌市金川区","620302"
"2966","甘肃省金昌市永昌县","620321"
"2967","甘肃省白银市","620400"
"2968","甘肃省白银市白银区","620402"
"2969","甘肃省白银市平川区","620403"
"2970","甘肃省白银市靖远县","620421"
"2971","甘肃省白银市会宁县","620422"
"2972","甘肃省白银市景泰县","620423"
"2973","甘肃省天水市","620500"
"2974","甘肃省天水市秦城区","620502"
"2975","甘肃省天水市北道区","620503"
"2976","甘肃省天水市清水县","620521"
"2977","甘肃省天水市秦安县","620522"
"2978","甘肃省天水市甘谷县","620523"
"2979","甘肃省天水市武山县","620524"
"2980","甘肃省天水市张家川回族自治县","620525"
"2981","甘肃省武威市","620600"
"2982","甘肃省武威市凉州区","620602"
"2983","甘肃省武威市民勤县","620621"
"2984","甘肃省武威市古浪县","620622"
"2985","甘肃省武威市天祝藏族自治县","620623"
"2986","甘肃省张掖市","620700"
"2987","甘肃省张掖市甘州区","620702"
"2988","甘肃省张掖市肃南裕固族自治县","620721"
"2989","甘肃省张掖市民乐县","620722"
"2990","甘肃省张掖市临泽县","620723"
"2991","甘肃省张掖市高台县","620724"
"2992","甘肃省张掖市山丹县","620725"
"2993","甘肃省平凉市","620800"
"2994","甘肃省平凉市崆峒区","620802"
"2995","甘肃省平凉市泾川县","620821"
"2996","甘肃省平凉市灵台县","620822"
"2997","甘肃省平凉市崇信县","620823"
"2998","甘肃省平凉市华亭县","620824"
"2999","甘肃省平凉市庄浪县","620825"
"3000","甘肃省平凉市静宁县","620826"
"3001","甘肃省酒泉市","620900"
"3002","甘肃省酒泉市肃州区","620902"
"3003","甘肃省酒泉市金塔县","620921"
"3004","甘肃省酒泉市瓜州县","620922"
"3005","甘肃省酒泉市肃北蒙古族自治县","620923"
"3006","甘肃省酒泉市阿克塞哈萨克族自治县","620924"
"3007","甘肃省酒泉市玉门市","620981"
"3008","甘肃省酒泉市敦煌市","620982"
"3009","甘肃省庆阳市","621000"
"3010","甘肃省庆阳市西峰区","621002"
"3011","甘肃省庆阳市庆城县","621021"
"3012","甘肃省庆阳市环县","621022"
"3013","甘肃省庆阳市华池县","621023"
"3014","甘肃省庆阳市合水县","621024"
"3015","甘肃省庆阳市正宁县","621025"
"3016","甘肃省庆阳市宁县","621026"
"3017","甘肃省庆阳市镇原县","621027"
"3018","甘肃省定西市","621100"
"3019","甘肃省定西市安定区","621102"
"3020","甘肃省定西市通渭县","621121"
"3021","甘肃省定西市陇西县","621122"
"3022","甘肃省定西市渭源县","621123"
"3023","甘肃省定西市临洮县","621124"
"3024","甘肃省定西市漳县","621125"
"3025","甘肃省定西市岷县","621126"
"3026","甘肃省陇南市","621200"
"3027","甘肃省陇南市武都区","621202"
"3028","甘肃省陇南市成县","621221"
"3029","甘肃省陇南市文县","621222"
"3030","甘肃省陇南市宕昌县","621223"
"3031","甘肃省陇南市康县","621224"
"3032","甘肃省陇南市西和县","621225"
"3033","甘肃省陇南市礼县","621226"
"3034","甘肃省陇南市徽县","621227"
"3035","甘肃省陇南市两当县","621228"
"3036","甘肃省临夏回族自治州","622900"
"3037","甘肃省临夏回族自治州临夏市","622901"
"3038","甘肃省临夏回族自治州临夏县","622921"
"3039","甘肃省临夏回族自治州康乐县","622922"
"3040","甘肃省临夏回族自治州永靖县","622923"
"3041","甘肃省临夏回族自治州广河县","622924"
"3042","甘肃省临夏回族自治州和政县","622925"
"3043","甘肃省临夏回族自治州东乡族自治县","622926"
"3044","甘肃省临夏回族自治州积石山保安族东乡族撒拉族自治县","622927"
"3045","甘肃省甘南藏族自治州","623000"
"3046","甘肃省甘南藏族自治州合作市","623001"
"3047","甘肃省甘南藏族自治州临潭县","623021"
"3048","甘肃省甘南藏族自治州卓尼县","623022"
"3049","甘肃省甘南藏族自治州舟曲县","623023"
"3050","甘肃省甘南藏族自治州迭部县","623024"
"3051","甘肃省甘南藏族自治州玛曲县","623025"
"3052","甘肃省甘南藏族自治州碌曲县","623026"
"3053","甘肃省甘南藏族自治州夏河县","623027"
"3054","青海省","630000"
"3055","青海省西宁市","630100"
"3056","青海省西宁市城东区","630102"
"3057","青海省西宁市城中区","630103"
"3058","青海省西宁市城西区","630104"
"3059","青海省西宁市城北区","630105"
"3060","青海省西宁市大通回族土族自治县","630121"
"3061","青海省西宁市湟中县","630122"
"3062","青海省西宁市湟源县","630123"
"3063","青海省海东地区","632100"
"3064","青海省海东地区平安县","632121"
"3065","青海省海东地区民和回族土族自治县","632122"
"3066","青海省海东地区乐都县","632123"
"3067","青海省海东地区互助土族自治县","632126"
"3068","青海省海东地区化隆回族自治县","632127"
"3069","青海省海东地区循化撒拉族自治县","632128"
"3070","青海省海北藏族自治州","632200"
"3071","青海省海北藏族自治州门源回族自治县","632221"
"3072","青海省海北藏族自治州祁连县","632222"
"3073","青海省海北藏族自治州海晏县","632223"
"3074","青海省海北藏族自治州刚察县","632224"
"3075","青海省黄南藏族自治州","632300"
"3076","青海省黄南藏族自治州同仁县","632321"
"3077","青海省黄南藏族自治州尖扎县","632322"
"3078","青海省黄南藏族自治州泽库县","632323"
"3079","青海省黄南藏族自治州河南蒙古族自治县","632324"
"3080","青海省海南藏族自治州","632500"
"3081","青海省海南藏族自治州共和县","632521"
"3082","青海省海南藏族自治州同德县","632522"
"3083","青海省海南藏族自治州贵德县","632523"
"3084","青海省海南藏族自治州兴海县","632524"
"3085","青海省海南藏族自治州贵南县","632525"
"3086","青海省果洛藏族自治州","632600"
"3087","青海省果洛藏族自治州玛沁县","632621"
"3088","青海省果洛藏族自治州班玛县","632622"
"3089","青海省果洛藏族自治州甘德县","632623"
"3090","青海省果洛藏族自治州达日县","632624"
"3091","青海省果洛藏族自治州久治县","632625"
"3092","青海省果洛藏族自治州玛多县","632626"
"3093","青海省玉树藏族自治州","632700"
"3094","青海省玉树藏族自治州玉树县","632721"
"3095","青海省玉树藏族自治州杂多县","632722"
"3096","青海省玉树藏族自治州称多县","632723"
"3097","青海省玉树藏族自治州治多县","632724"
"3098","青海省玉树藏族自治州囊谦县","632725"
"3099","青海省玉树藏族自治州曲麻莱县","632726"
"3100","青海省海西蒙古族藏族自治州","632800"
"3101","青海省海西蒙古族藏族自治州格尔木市","632801"
"3102","青海省海西蒙古族藏族自治州德令哈市","632802"
"3103","青海省海西蒙古族藏族自治州乌兰县","632821"
"3104","青海省海西蒙古族藏族自治州都兰县","632822"
"3105","青海省海西蒙古族藏族自治州天峻县","632823"
"3106","宁夏回族自治区","640000"
"3107","宁夏回族自治区银川市","640100"
"3108","宁夏回族自治区银川市兴庆区","640104"
"3109","宁夏回族自治区银川市西夏区","640105"
"3110","宁夏回族自治区银川市金凤区","640106"
"3111","宁夏回族自治区银川市永宁县","640121"
"3112","宁夏回族自治区银川市贺兰县","640122"
"3113","宁夏回族自治区银川市灵武市","640181"
"3114","宁夏回族自治区石嘴山市","640200"
"3115","宁夏回族自治区石嘴山市大武口区","640202"
"3116","宁夏回族自治区石嘴山市惠农区","640205"
"3117","宁夏回族自治区石嘴山市平罗县","640221"
"3118","宁夏回族自治区吴忠市","640300"
"3119","宁夏回族自治区吴忠市利通区","640302"
"3120","宁夏回族自治区吴忠市盐池县","640323"
"3121","宁夏回族自治区吴忠市同心县","640324"
"3122","宁夏回族自治区吴忠市青铜峡市","640381"
"3123","宁夏回族自治区固原市","640400"
"3124","宁夏回族自治区固原市原州区","640402"
"3125","宁夏回族自治区固原市西吉县","640422"
"3126","宁夏回族自治区固原市隆德县","640423"
"3127","宁夏回族自治区固原市泾源县","640424"
"3128","宁夏回族自治区固原市彭阳县","640425"
"3129","宁夏回族自治区中卫市","640500"
"3130","宁夏回族自治区中卫市沙坡头区","640502"
"3131","宁夏回族自治区中卫市中宁县","640521"
"3132","宁夏回族自治区中卫市海原县","640522"
"3133","新疆维吾尔自治区","650000"
"3134","新疆维吾尔自治区乌鲁木齐市","650100"
"3135","新疆维吾尔自治区乌鲁木齐市天山区","650102"
"3136","新疆维吾尔自治区乌鲁木齐市沙依巴克区","650103"
"3137","新疆维吾尔自治区乌鲁木齐市新市区","650104"
"3138","新疆维吾尔自治区乌鲁木齐市水磨沟区","650105"
"3139","新疆维吾尔自治区乌鲁木齐市头屯河区","650106"
"3140","新疆维吾尔自治区乌鲁木齐市达坂城区","650107"
"3141","新疆维吾尔自治区乌鲁木齐市东山区","650108"
"3142","新疆维吾尔自治区乌鲁木齐市乌鲁木齐县","650121"
"3143","新疆维吾尔自治区克拉玛依市","650200"
"3144","新疆维吾尔自治区克拉玛依市独山子区","650202"
"3145","新疆维吾尔自治区克拉玛依市克拉玛依区","650203"
"3146","新疆维吾尔自治区克拉玛依市白碱滩区","650204"
"3147","新疆维吾尔自治区克拉玛依市乌尔禾区","650205"
"3148","新疆维吾尔自治区吐鲁番地区","652100"
"3149","新疆维吾尔自治区吐鲁番地区吐鲁番市","652101"
"3150","新疆维吾尔自治区吐鲁番地区鄯善县","652122"
"3151","新疆维吾尔自治区吐鲁番地区托克逊县","652123"
"3152","新疆维吾尔自治区哈密地区","652200"
"3153","新疆维吾尔自治区哈密地区哈密市","652201"
"3154","新疆维吾尔自治区哈密地区巴里坤哈萨克自治县","652222"
"3155","新疆维吾尔自治区哈密地区伊吾县","652223"
"3156","新疆维吾尔自治区昌吉回族自治州","652300"
"3157","新疆维吾尔自治区昌吉回族自治州昌吉市","652301"
"3158","新疆维吾尔自治区昌吉回族自治州阜康市","652302"
"3159","新疆维吾尔自治区昌吉回族自治州米泉市","652303"
"3160","新疆维吾尔自治区昌吉回族自治州呼图壁县","652323"
"3161","新疆维吾尔自治区昌吉回族自治州玛纳斯县","652324"
"3162","新疆维吾尔自治区昌吉回族自治州奇台县","652325"
"3163","新疆维吾尔自治区昌吉回族自治州吉木萨尔县","652327"
"3164","新疆维吾尔自治区昌吉回族自治州木垒哈萨克自治县","652328"
"3165","新疆维吾尔自治区博尔塔拉蒙古自治州","652700"
"3166","新疆维吾尔自治区博尔塔拉蒙古自治州博乐市","652701"
"3167","新疆维吾尔自治区博尔塔拉蒙古自治州精河县","652722"
"3168","新疆维吾尔自治区博尔塔拉蒙古自治州温泉县","652723"
"3169","新疆维吾尔自治区巴音郭楞蒙古自治州","652800"
"3170","新疆维吾尔自治区巴音郭楞蒙古自治州库尔勒市","652801"
"3171","新疆维吾尔自治区巴音郭楞蒙古自治州轮台县","652822"
"3172","新疆维吾尔自治区巴音郭楞蒙古自治州尉犁县","652823"
"3173","新疆维吾尔自治区巴音郭楞蒙古自治州若羌县","652824"
"3174","新疆维吾尔自治区巴音郭楞蒙古自治州且末县","652825"
"3175","新疆维吾尔自治区巴音郭楞蒙古自治州焉耆回族自治县","652826"
"3176","新疆维吾尔自治区巴音郭楞蒙古自治州和静县","652827"
"3177","新疆维吾尔自治区巴音郭楞蒙古自治州和硕县","652828"
"3178","新疆维吾尔自治区巴音郭楞蒙古自治州博湖县","652829"
"3179","新疆维吾尔自治区阿克苏地区","652900"
"3180","新疆维吾尔自治区阿克苏地区阿克苏市","652901"
"3181","新疆维吾尔自治区阿克苏地区温宿县","652922"
"3182","新疆维吾尔自治区阿克苏地区库车县","652923"
"3183","新疆维吾尔自治区阿克苏地区沙雅县","652924"
"3184","新疆维吾尔自治区阿克苏地区新和县","652925"
"3185","新疆维吾尔自治区阿克苏地区拜城县","652926"
"3186","新疆维吾尔自治区阿克苏地区乌什县","652927"
"3187","新疆维吾尔自治区阿克苏地区阿瓦提县","652928"
"3188","新疆维吾尔自治区阿克苏地区柯坪县","652929"
"3189","新疆维吾尔自治区克孜勒苏柯尔克孜自治州","653000"
"3190","新疆维吾尔自治区克孜勒苏柯尔克孜自治州阿图什市","653001"
"3191","新疆维吾尔自治区克孜勒苏柯尔克孜自治州阿克陶县","653022"
"3192","新疆维吾尔自治区克孜勒苏柯尔克孜自治州阿合奇县","653023"
"3193","新疆维吾尔自治区克孜勒苏柯尔克孜自治州乌恰县","653024"
"3194","新疆维吾尔自治区喀什地区","653100"
"3195","新疆维吾尔自治区喀什地区喀什市","653101"
"3196","新疆维吾尔自治区喀什地区疏附县","653121"
"3197","新疆维吾尔自治区喀什地区疏勒县","653122"
"3198","新疆维吾尔自治区喀什地区英吉沙县","653123"
"3199","新疆维吾尔自治区喀什地区泽普县","653124"
"3200","新疆维吾尔自治区喀什地区莎车县","653125"
"3201","新疆维吾尔自治区喀什地区叶城县","653126"
"3202","新疆维吾尔自治区喀什地区麦盖提县","653127"
"3203","新疆维吾尔自治区喀什地区岳普湖县","653128"
"3204","新疆维吾尔自治区喀什地区伽师县","653129"
"3205","新疆维吾尔自治区喀什地区巴楚县","653130"
"3206","新疆维吾尔自治区喀什地区塔什库尔干塔吉克自治县","653131"
"3207","新疆维吾尔自治区和田地区","653200"
"3208","新疆维吾尔自治区和田地区和田市","653201"
"3209","新疆维吾尔自治区和田地区和田县","653221"
"3210","新疆维吾尔自治区和田地区墨玉县","653222"
"3211","新疆维吾尔自治区和田地区皮山县","653223"
"3212","新疆维吾尔自治区和田地区洛浦县","653224"
"3213","新疆维吾尔自治区和田地区策勒县","653225"
"3214","新疆维吾尔自治区和田地区于田县","653226"
"3215","新疆维吾尔自治区和田地区民丰县","653227"
"3216","新疆维吾尔自治区伊犁哈萨克自治州","654000"
"3217","新疆维吾尔自治区伊犁哈萨克自治州伊宁市","654002"
"3218","新疆维吾尔自治区伊犁哈萨克自治州奎屯市","654003"
"3219","新疆维吾尔自治区伊犁哈萨克自治州伊宁县","654021"
"3220","新疆维吾尔自治区伊犁哈萨克自治州察布查尔锡伯自治县","654022"
"3221","新疆维吾尔自治区伊犁哈萨克自治州霍城县","654023"
"3222","新疆维吾尔自治区伊犁哈萨克自治州巩留县","654024"
"3223","新疆维吾尔自治区伊犁哈萨克自治州新源县","654025"
"3224","新疆维吾尔自治区伊犁哈萨克自治州昭苏县","654026"
"3225","新疆维吾尔自治区伊犁哈萨克自治州特克斯县","654027"
"3226","新疆维吾尔自治区伊犁哈萨克自治州尼勒克县","654028"
"3227","新疆维吾尔自治区塔城地区","654200"
"3228","新疆维吾尔自治区塔城地区塔城市","654201"
"3229","新疆维吾尔自治区塔城地区乌苏市","654202"
"3230","新疆维吾尔自治区塔城地区额敏县","654221"
"3231","新疆维吾尔自治区塔城地区沙湾县","654223"
"3232","新疆维吾尔自治区塔城地区托里县","654224"
"3233","新疆维吾尔自治区塔城地区裕民县","654225"
"3234","新疆维吾尔自治区塔城地区和布克赛尔蒙古自治县","654226"
"3235","新疆维吾尔自治区阿勒泰地区","654300"
"3236","新疆维吾尔自治区阿勒泰地区阿勒泰市","654301"
"3237","新疆维吾尔自治区阿勒泰地区布尔津县","654321"
"3238","新疆维吾尔自治区阿勒泰地区富蕴县","654322"
"3239","新疆维吾尔自治区阿勒泰地区福海县","654323"
"3240","新疆维吾尔自治区阿勒泰地区哈巴河县","654324"
"3241","新疆维吾尔自治区阿勒泰地区青河县","654325"
"3242","新疆维吾尔自治区阿勒泰地区吉木乃县","654326"
"3243","新疆维吾尔自治区省直辖行政单位","659000"
"3244","新疆维吾尔自治区省直辖行政单位石河子市","659001"
"3245","新疆维吾尔自治区省直辖行政单位阿拉尔市","659002"
"3246","新疆维吾尔自治区省直辖行政单位图木舒克市","659003"
"3247","新疆维吾尔自治区省直辖行政单位五家渠市","659004"
